candidate,radiator_ft,counterpoise_ft,deployment,ground,conductivity,band,frequency_hz,resistance_ohm,reactance_ohm,raw_swr,minimum_q,inside_empirical_kh1_separator,nec_efficiency
29r-17c,29.0,17.0,20ft,average,ccs_mid,40m,7050000,37.837,-497.92,133.11930294737962,11.43701697006986,False,0.8628
29r-17c,29.0,17.0,20ft,average,ccs_mid,30m,10120000,78.671,4.3923,1.581619399981237,0.7604765293468347,True,0.8865999999999999
29r-17c,29.0,17.0,20ft,average,ccs_mid,20m,14050000,444.77,952.16,49.75524700921442,6.975881860950052,False,0.9092
29r-17c,29.0,17.0,20ft,average,ccs_mid,17m,18080000,524.54,-931.71,43.66206787349217,6.526074580771324,False,0.905
29r-17c,29.0,17.0,20ft,average,ccs_mid,15m,21050000,209.45,55.336,4.497780347651152,1.8658488090103822,True,0.8966
29r-17c,29.0,17.0,20ft,average,copper,40m,7050000,35.689,-499.96,142.18451404041593,11.823305597542465,False,0.9261
29r-17c,29.0,17.0,20ft,average,copper,30m,10120000,74.807,1.0871,1.4967109055855232,0.7045963071880511,True,0.9396
29r-17c,29.0,17.0,20ft,average,copper,20m,14050000,423.15,945.49,50.8137014619555,7.050902054698125,False,0.9521
29r-17c,29.0,17.0,20ft,average,copper,17m,18080000,524.73,-958.79,45.606104174242766,6.673285844586774,False,0.95
29r-17c,29.0,17.0,20ft,average,copper,15m,21050000,201.06,46.988,4.254457608660115,1.8002286553045668,True,0.9451
29r-17c,29.0,17.0,20ft,poor,ccs_mid,40m,7050000,43.203,-511.1,122.94152658887226,10.990556560043967,False,0.8805
29r-17c,29.0,17.0,20ft,poor,ccs_mid,30m,10120000,84.987,-4.9788,1.7086368813510653,0.839984207301757,True,0.8957999999999999
29r-17c,29.0,17.0,20ft,poor,ccs_mid,20m,14050000,450.44,923.87,46.99639207099517,6.77544594288016,False,0.9134
29r-17c,29.0,17.0,20ft,poor,ccs_mid,17m,18080000,532.6,-964.52,45.65821794248072,6.6772929186154,False,0.902
29r-17c,29.0,17.0,20ft,poor,ccs_mid,15m,21050000,219.79,53.705,4.67168744049623,1.9126560015113498,True,0.9009999999999999
29r-17c,29.0,17.0,20ft,poor,copper,40m,7050000,41.06,-513.13,130.28376161148884,11.316965450779005,False,0.9361
29r-17c,29.0,17.0,20ft,poor,copper,30m,10120000,81.131,-8.2382,1.6493314132813783,0.7995939331689444,True,0.9447
29r-17c,29.0,17.0,20ft,poor,copper,20m,14050000,429.52,917.48,47.881749822125634,6.840045730209543,False,0.9544
29r-17c,29.0,17.0,20ft,poor,copper,17m,18080000,532.9,-993.01,47.738529763724934,6.8312261688633376,False,0.9483
29r-17c,29.0,17.0,20ft,poor,copper,15m,21050000,211.15,45.5,4.430166140676725,1.8490789125956522,True,0.9475
29r-17c,29.0,17.0,30ft,average,ccs_mid,40m,7050000,41.163,-511.55,129.17516315746974,11.268017638189342,False,0.8742
29r-17c,29.0,17.0,30ft,average,ccs_mid,30m,10120000,88.35,-3.5747,1.7712508950649273,0.8774352939012586,True,0.8996999999999999
29r-17c,29.0,17.0,30ft,average,ccs_mid,20m,14050000,465.54,901.75,44.32940079948493,6.576059384984389,False,0.9196
29r-17c,29.0,17.0,30ft,average,ccs_mid,17m,18080000,585.94,-1031.8,48.12192770258322,6.859837846534382,False,0.9044
29r-17c,29.0,17.0,30ft,average,ccs_mid,15m,21050000,188.74,25.569,3.8491980329913402,1.6864393588987954,True,0.8835999999999999
29r-17c,29.0,17.0,30ft,average,copper,40m,7050000,38.966,-513.62,137.45813262109536,11.626789652371356,False,0.9325
29r-17c,29.0,17.0,30ft,average,copper,30m,10120000,84.386,-6.875,1.7048892128614346,0.8360156955841801,True,0.9468000000000001
29r-17c,29.0,17.0,30ft,average,copper,20m,14050000,444.94,896.06,45.0803088118378,6.632504560407828,False,0.9577
29r-17c,29.0,17.0,30ft,average,copper,17m,18080000,588.69,-1062.9,50.220870921984066,7.011123206478368,False,0.9495999999999999
29r-17c,29.0,17.0,30ft,average,copper,15m,21050000,180.07,16.773,3.6352312619258704,1.6225434136991808,True,0.9378
29r-17c,29.0,17.0,30ft,poor,ccs_mid,40m,7050000,43.421,-526.86,129.8680940070162,11.301516605324855,False,0.8815999999999999
29r-17c,29.0,17.0,30ft,poor,ccs_mid,30m,10120000,86.607,-14.709,1.8055861804556934,0.8843655355670557,True,0.8985
29r-17c,29.0,17.0,30ft,poor,ccs_mid,20m,14050000,450.46,900.83,45.12763863740856,6.636173623379092,False,0.9172
29r-17c,29.0,17.0,30ft,poor,ccs_mid,17m,18080000,576.41,-1046.9,49.62326510826067,6.968261844638289,False,0.902
29r-17c,29.0,17.0,30ft,poor,ccs_mid,15m,21050000,200.25,26.226,4.0781745830253735,1.7531954938199454,True,0.8905
29r-17c,29.0,17.0,30ft,poor,copper,40m,7050000,41.239,-528.92,137.70559320540767,11.640464361180038,False,0.9367
29r-17c,29.0,17.0,30ft,poor,copper,30m,10120000,82.685,-17.996,1.7725947551964034,0.8555903746995916,True,0.9460999999999999
29r-17c,29.0,17.0,30ft,poor,copper,20m,14050000,430.03,894.69,45.92367026401103,6.695459250060155,False,0.9565
29r-17c,29.0,17.0,30ft,poor,copper,17m,18080000,578.35,-1078.4,51.85017964454289,7.126220115940265,False,0.9483
29r-17c,29.0,17.0,30ft,poor,copper,15m,21050000,191.47,17.598,3.864093215782536,1.6916703666630408,True,0.9416
35r-13c,35.0,13.0,20ft,average,ccs_mid,40m,7050000,45.534,-550.27,134.999584292892,11.528612716537861,False,0.8649
35r-13c,35.0,13.0,20ft,average,ccs_mid,30m,10120000,136.32,115.62,4.848186669422189,1.9203294813394414,True,0.8862000000000001
35r-13c,35.0,13.0,20ft,average,ccs_mid,20m,14050000,1598.4,-1845.0,74.57877804650555,8.576765439570176,False,0.8974
35r-13c,35.0,13.0,20ft,average,ccs_mid,17m,18080000,102.24,-276.53,17.43518354067253,4.000436657015314,True,0.8841
35r-13c,35.0,13.0,20ft,average,ccs_mid,15m,21050000,114.91,155.84,6.813535057370604,2.3505698477914767,True,0.89
35r-13c,35.0,13.0,20ft,average,copper,40m,7050000,42.949,-552.66,144.2468066170087,11.920132873433895,False,0.9273
35r-13c,35.0,13.0,20ft,average,copper,30m,10120000,129.07,110.59,4.648795855402146,1.864542472913867,True,0.9394
35r-13c,35.0,13.0,20ft,average,copper,20m,14050000,1671.1,-1906.4,76.93555300273603,8.713129775397327,False,0.9457
35r-13c,35.0,13.0,20ft,average,copper,17m,18080000,98.252,-281.83,18.588389274563536,4.1392379496780425,True,0.9383
35r-13c,35.0,13.0,20ft,average,copper,15m,21050000,109.58,151.1,6.664887200826902,2.3148735615077287,True,0.9415
35r-13c,35.0,13.0,20ft,poor,ccs_mid,40m,7050000,52.752,-566.94,123.85594532771191,11.041566368124247,False,0.8842
35r-13c,35.0,13.0,20ft,poor,ccs_mid,30m,10120000,146.73,97.246,4.333612487320824,1.7954400321795392,True,0.8962
35r-13c,35.0,13.0,20ft,poor,ccs_mid,20m,14050000,1726.1,-1817.0,72.79096871178257,8.472056399970718,False,0.899
35r-13c,35.0,13.0,20ft,poor,ccs_mid,17m,18080000,102.73,-282.02,17.969998201974853,4.066808794144378,True,0.8835
35r-13c,35.0,13.0,20ft,poor,ccs_mid,15m,21050000,122.49,154.42,6.599946849801831,2.3115506989921157,True,0.897
35r-13c,35.0,13.0,20ft,poor,copper,40m,7050000,50.172,-569.29,131.18441002347765,11.366418129184725,False,0.9381999999999999
35r-13c,35.0,13.0,20ft,poor,copper,30m,10120000,139.56,92.403,4.131001618722676,1.7363193301990978,True,0.9449
35r-13c,35.0,13.0,20ft,poor,copper,20m,14050000,1810.6,-1872.8,74.96901175737965,8.599693915879403,False,0.9466
35r-13c,35.0,13.0,20ft,poor,copper,17m,18080000,98.647,-287.34,19.166963047691105,4.20859577152768,True,0.9379000000000001
35r-13c,35.0,13.0,20ft,poor,copper,15m,21050000,117.09,149.76,6.444561500423852,2.2743590628592805,True,0.9454
35r-13c,35.0,13.0,30ft,average,ccs_mid,40m,7050000,51.504,-555.15,121.66939226574927,10.941060866073112,False,0.8804000000000001
35r-13c,35.0,13.0,30ft,average,ccs_mid,30m,10120000,159.84,110.06,4.817711497695587,1.9267760939237635,True,0.9039
35r-13c,35.0,13.0,30ft,average,ccs_mid,20m,14050000,1796.3,-1667.7,66.90502204102411,8.117396972427304,False,0.9093000000000001
35r-13c,35.0,13.0,30ft,average,ccs_mid,17m,18080000,94.358,-297.35,21.11044493058205,4.4303406268963,True,0.87
35r-13c,35.0,13.0,30ft,average,ccs_mid,15m,21050000,103.86,153.26,6.937607993753032,2.3665021871063305,True,0.8767
35r-13c,35.0,13.0,30ft,average,copper,40m,7050000,48.873,-557.54,129.2003797945321,11.256080424053224,False,0.9361
35r-13c,35.0,13.0,30ft,average,copper,30m,10120000,152.44,105.29,4.614564534357241,1.8717029158764609,True,0.9490999999999999
35r-13c,35.0,13.0,30ft,average,copper,20m,14050000,1882.7,-1706.7,68.60904159470695,8.221743083415225,False,0.9523
35r-13c,35.0,13.0,30ft,average,copper,17m,18080000,90.229,-302.94,22.65674990648729,4.598558611205305,True,0.9304000000000001
35r-13c,35.0,13.0,30ft,average,copper,15m,21050000,98.354,148.4,6.806758485032108,2.3335174222178448,True,0.934
35r-13c,35.0,13.0,30ft,poor,ccs_mid,40m,7050000,55.486,-574.29,120.88265506244294,10.90824455791709,False,0.8901
35r-13c,35.0,13.0,30ft,poor,ccs_mid,30m,10120000,157.63,91.046,4.288359945686368,1.790070061079787,True,0.9043000000000001
35r-13c,35.0,13.0,30ft,poor,ccs_mid,20m,14050000,1869.2,-1716.7,68.92907814674237,8.24116717465428,False,0.9057999999999999
35r-13c,35.0,13.0,30ft,poor,ccs_mid,17m,18080000,94.722,-298.66,21.208746451887116,4.441625415828856,True,0.8708
35r-13c,35.0,13.0,30ft,poor,ccs_mid,15m,21050000,110.81,152.22,6.7002758314763105,2.3234243272890494,True,0.885
35r-13c,35.0,13.0,30ft,poor,copper,40m,7050000,52.877,-576.65,127.76840861309827,11.217425933048132,False,0.9415
35r-13c,35.0,13.0,30ft,poor,copper,30m,10120000,150.39,86.326,4.086614641242037,1.7317179469558628,True,0.9494
35r-13c,35.0,13.0,30ft,poor,copper,20m,14050000,1963.5,-1757.7,70.75074022927639,8.35101249104972,False,0.9504
35r-13c,35.0,13.0,30ft,poor,copper,17m,18080000,90.538,-304.2,22.760803038142367,4.610041639402979,True,0.9308
35r-13c,35.0,13.0,30ft,poor,copper,15m,21050000,105.3,147.44,6.5572099990827475,2.2879860305459494,True,0.9386
35r-17c,35.0,17.0,20ft,average,ccs_mid,40m,7050000,47.842,-361.78,56.69973515087582,7.349591195296295,False,0.8604
35r-17c,35.0,17.0,20ft,average,ccs_mid,30m,10120000,142.39,274.36,13.698799723859137,3.524294335799535,True,0.8842
35r-17c,35.0,17.0,20ft,average,ccs_mid,20m,14050000,1610.7,-1699.0,68.0731660111551,8.188822484551222,False,0.8955
35r-17c,35.0,17.0,20ft,average,ccs_mid,17m,18080000,134.75,-60.166,3.300342119843637,1.4940828277750597,True,0.8867
35r-17c,35.0,17.0,20ft,average,ccs_mid,15m,21050000,211.56,503.56,28.404036239256072,5.215640222504875,True,0.9
35r-17c,35.0,17.0,20ft,average,copper,40m,7050000,45.085,-364.32,60.87376647390414,7.666888391581089,False,0.9248999999999999
35r-17c,35.0,17.0,20ft,average,copper,30m,10120000,134.84,269.08,13.734051519041957,3.526478894962823,True,0.9383
35r-17c,35.0,17.0,20ft,average,copper,20m,14050000,1682.8,-1761.4,70.54496179562017,8.338430593837392,False,0.9447
35r-17c,35.0,17.0,20ft,average,copper,17m,18080000,129.22,-66.446,3.356773631787589,1.505902297548946,True,0.9397
35r-17c,35.0,17.0,20ft,average,copper,15m,21050000,201.89,496.95,28.715373536726975,5.244286269021253,True,0.9470000000000001
35r-17c,35.0,17.0,20ft,poor,ccs_mid,40m,7050000,55.282,-375.03,52.874832363275544,7.140678638869688,False,0.8798999999999999
35r-17c,35.0,17.0,20ft,poor,ccs_mid,30m,10120000,155.11,259.74,12.040469382098783,3.286513463131322,True,0.8953
35r-17c,35.0,17.0,20ft,poor,ccs_mid,20m,14050000,1738.6,-1677.2,67.14523344866568,8.1321195125975,False,0.897
35r-17c,35.0,17.0,20ft,poor,ccs_mid,17m,18080000,139.54,-63.428,3.434589367435775,1.5386438163084526,True,0.8896999999999999
35r-17c,35.0,17.0,20ft,poor,ccs_mid,15m,21050000,234.95,503.48,26.452395252614643,5.02766225756291,True,0.91
35r-17c,35.0,17.0,20ft,poor,copper,40m,7050000,52.527,-377.54,56.25634509053313,7.370361555239132,False,0.9359000000000001
35r-17c,35.0,17.0,20ft,poor,copper,30m,10120000,147.6,254.65,11.99418486856675,3.2770116290306586,True,0.9445
35r-17c,35.0,17.0,20ft,poor,copper,20m,14050000,1822.4,-1734.3,69.47022178306528,8.273885428998042,False,0.9456
35r-17c,35.0,17.0,20ft,poor,copper,17m,18080000,133.88,-69.703,3.4903663508939644,1.550290440371423,True,0.9414
35r-17c,35.0,17.0,20ft,poor,copper,15m,21050000,225.11,497.16,26.646544152581818,5.045984427037154,True,0.9525
35r-17c,35.0,17.0,30ft,average,ccs_mid,40m,7050000,53.098,-365.67,52.349704996818744,7.101207802078152,False,0.8741
35r-17c,35.0,17.0,30ft,average,ccs_mid,30m,10120000,164.68,270.3,12.389726686870471,3.3416791553591962,True,0.9007
35r-17c,35.0,17.0,30ft,average,ccs_mid,20m,14050000,1815.0,-1524.4,61.9179582467924,7.804265528592127,False,0.9076000000000001
35r-17c,35.0,17.0,30ft,average,ccs_mid,17m,18080000,124.53,-82.174,3.70682533150221,1.6047081604120887,True,0.8739
35r-17c,35.0,17.0,30ft,average,ccs_mid,15m,21050000,195.57,503.98,30.108778740199813,5.37460033034527,True,0.8906000000000001
35r-17c,35.0,17.0,30ft,average,copper,40m,7050000,50.293,-368.23,55.90350019735776,7.343515100100978,False,0.9326000000000001
35r-17c,35.0,17.0,30ft,average,copper,30m,10120000,156.97,265.26,12.342044055087275,3.3323468768212026,True,0.9473999999999999
35r-17c,35.0,17.0,30ft,average,copper,20m,14050000,1901.1,-1564.4,63.77926669176412,7.922666546397583,False,0.9514
35r-17c,35.0,17.0,30ft,average,copper,17m,18080000,118.87,-88.79,3.865782334111761,1.6443340929497818,True,0.9326000000000001
35r-17c,35.0,17.0,30ft,average,copper,15m,21050000,185.7,497.15,30.56961545860072,5.416001864675554,True,0.9418000000000001
35r-17c,35.0,17.0,30ft,poor,ccs_mid,40m,7050000,57.099,-381.4,52.95095848612533,7.148018732992523,False,0.8839
35r-17c,35.0,17.0,30ft,poor,ccs_mid,30m,10120000,164.32,255.21,11.430676594258534,3.1959155427326977,True,0.902
35r-17c,35.0,17.0,30ft,poor,ccs_mid,20m,14050000,1888.9,-1580.0,64.22121435793525,7.950491500783382,False,0.9041
35r-17c,35.0,17.0,30ft,poor,ccs_mid,17m,18080000,128.56,-81.072,3.7133294538794805,1.6104987102853392,True,0.8781
35r-17c,35.0,17.0,30ft,poor,ccs_mid,15m,21050000,217.26,505.89,28.099052106148296,5.186954934381129,True,0.9017000000000001
35r-17c,35.0,17.0,30ft,poor,copper,40m,7050000,54.314,-383.92,56.26406081312468,7.37300896401792,False,0.9381
35r-17c,35.0,17.0,30ft,poor,copper,30m,10120000,156.74,250.22,11.35476344059193,3.1817970691106137,True,0.9481
35r-17c,35.0,17.0,30ft,poor,copper,20m,14050000,1983.0,-1622.5,66.22085716180362,8.075316948732798,False,0.9495
35r-17c,35.0,17.0,30ft,poor,copper,17m,18080000,122.8,-87.611,3.8537934808418983,1.6450264257849918,True,0.9348000000000001
35r-17c,35.0,17.0,30ft,poor,copper,15m,21050000,207.26,499.31,28.408994003252662,5.21564485370586,True,0.9479000000000001
35r-25c,35.0,25.0,20ft,average,ccs_mid,40m,7050000,54.914,-126.78,7.733427803252743,2.4397175954580574,True,0.8552
35r-25c,35.0,25.0,20ft,average,ccs_mid,30m,10120000,165.16,519.22,36.22417833809372,5.911771939877321,True,0.8822
35r-25c,35.0,25.0,20ft,average,ccs_mid,20m,14050000,1712.0,-1395.2,56.99211539547944,7.482008826162018,False,0.8925
35r-25c,35.0,25.0,20ft,average,ccs_mid,17m,18080000,2180.8,684.49,47.91488901580058,6.849294269425011,False,0.9085
35r-25c,35.0,25.0,20ft,average,ccs_mid,15m,21050000,411.89,-863.42,44.53543611098693,6.590637185195594,False,0.9062
35r-25c,35.0,25.0,20ft,average,copper,40m,7050000,51.706,-129.73,8.391795388441878,2.5581152507907983,True,0.922
35r-25c,35.0,25.0,20ft,average,copper,30m,10120000,156.48,513.13,37.075326874750445,5.981870053581451,True,0.9372
35r-25c,35.0,25.0,20ft,average,copper,20m,14050000,1780.6,-1462.2,59.6380137055779,7.6568075013013575,False,0.9431
35r-25c,35.0,25.0,20ft,average,copper,17m,18080000,2145.8,780.54,48.59719070569607,6.898874306291345,False,0.9517
35r-25c,35.0,25.0,20ft,average,copper,15m,21050000,409.34,-883.13,46.393544338844535,6.730003804913455,False,0.9506999999999999
35r-25c,35.0,25.0,20ft,poor,ccs_mid,40m,7050000,63.598,-134.7,7.6330063756255075,2.4449597356725596,True,0.8755
35r-25c,35.0,25.0,20ft,poor,ccs_mid,30m,10120000,184.48,510.83,32.219630768291175,5.5659352904055375,True,0.8956999999999999
35r-25c,35.0,25.0,20ft,poor,ccs_mid,20m,14050000,1840.8,-1393.1,57.91159203485957,7.543321392560745,False,0.8943000000000001
35r-25c,35.0,25.0,20ft,poor,ccs_mid,17m,18080000,2159.0,471.87,45.24368993812224,6.651513632096233,False,0.9176000000000001
35r-25c,35.0,25.0,20ft,poor,ccs_mid,15m,21050000,412.76,-839.17,42.47462042555926,6.432497814047475,False,0.9122
35r-25c,35.0,25.0,20ft,poor,copper,40m,7050000,60.384,-137.61,8.185577536371731,2.545527393263902,True,0.9335
35r-25c,35.0,25.0,20ft,poor,copper,30m,10120000,175.79,504.97,32.78101111689799,5.614898600700534,True,0.9447
35r-25c,35.0,25.0,20ft,poor,copper,20m,14050000,1921.1,-1455.7,60.4924242904303,7.712517651877977,False,0.9440999999999999
35r-25c,35.0,25.0,20ft,poor,copper,17m,18080000,2139.7,559.96,45.726331833916106,6.687662768811122,False,0.9567
35r-25c,35.0,25.0,20ft,poor,copper,15m,21050000,411.02,-857.5,44.098957243468995,6.557437375609442,False,0.9540000000000001
35r-25c,35.0,25.0,30ft,average,ccs_mid,40m,7050000,58.797,-129.38,7.588434680513029,2.422773336628696,True,0.8645999999999999
35r-25c,35.0,25.0,30ft,average,ccs_mid,30m,10120000,185.04,518.51,32.999573545231975,5.635571410341183,True,0.8953
35r-25c,35.0,25.0,30ft,average,ccs_mid,20m,14050000,1942.0,-1236.0,54.58064862204212,7.319373161750088,False,0.9048999999999999
35r-25c,35.0,25.0,30ft,average,ccs_mid,17m,18080000,2142.3,690.64,47.301203094444226,6.804337205355304,False,0.9076000000000001
35r-25c,35.0,25.0,30ft,average,ccs_mid,15m,21050000,418.2,-868.36,44.52274902199629,6.5898140664888505,False,0.9081
35r-25c,35.0,25.0,30ft,average,copper,40m,7050000,55.538,-132.35,8.196989896878348,2.5335156225066773,True,0.9273
35r-25c,35.0,25.0,30ft,average,copper,30m,10120000,176.17,512.63,33.611093215199276,5.688323876966,True,0.9445
35r-25c,35.0,25.0,30ft,average,copper,20m,14050000,2026.1,-1280.9,56.7247432510317,7.4644285976571405,False,0.95
35r-25c,35.0,25.0,30ft,average,copper,17m,18080000,2104.7,785.46,47.959474064560034,6.852486311355401,False,0.9512
35r-25c,35.0,25.0,30ft,average,copper,15m,21050000,415.83,-888.1,46.350076886820574,6.726916855383417,False,0.9517
35r-25c,35.0,25.0,30ft,poor,ccs_mid,40m,7050000,63.592,-139.7,8.072126615393056,2.5317478713203427,True,0.8756
35r-25c,35.0,25.0,30ft,poor,ccs_mid,30m,10120000,190.3,510.47,31.42311174966085,5.494742252598461,True,0.8992
35r-25c,35.0,25.0,30ft,poor,ccs_mid,20m,14050000,2016.8,-1316.9,57.54120752470444,7.518895838163258,False,0.9016
35r-25c,35.0,25.0,30ft,poor,ccs_mid,17m,18080000,2125.9,492.44,44.800558228646935,6.618108485700492,False,0.9168000000000001
35r-25c,35.0,25.0,30ft,poor,ccs_mid,15m,21050000,422.87,-845.72,42.38004365547746,6.425371586057754,False,0.9147
35r-25c,35.0,25.0,30ft,poor,copper,40m,7050000,60.346,-142.63,8.662257449541686,2.6361231887900556,True,0.9335
35r-25c,35.0,25.0,30ft,poor,copper,30m,10120000,181.51,504.65,31.93579671209311,5.5400038465908406,True,0.9466
35r-25c,35.0,25.0,30ft,poor,copper,20m,14050000,2108.8,-1365.3,59.86172360915865,7.671682905838784,False,0.9481999999999999
35r-25c,35.0,25.0,30ft,poor,copper,17m,18080000,2103.9,580.08,45.27843267123428,6.654077911572158,False,0.9562
35r-25c,35.0,25.0,30ft,poor,copper,15m,21050000,421.38,-864.07,43.96026368407197,6.547087425466699,False,0.9553
41r-17c,41.0,17.0,20ft,average,ccs_mid,40m,7050000,63.519,-223.92,17.78878544057735,4.0072228024394745,True,0.857
41r-17c,41.0,17.0,20ft,average,ccs_mid,30m,10120000,456.26,869.41,42.344636381975164,6.423290860967772,False,0.8776999999999999
41r-17c,41.0,17.0,20ft,average,ccs_mid,20m,14050000,156.88,-534.45,39.845904962716034,6.20904877603749,True,0.875
41r-17c,41.0,17.0,20ft,average,ccs_mid,17m,18080000,140.33,279.93,14.260856936301668,3.602037749600564,True,0.8874
41r-17c,41.0,17.0,20ft,average,ccs_mid,15m,21050000,415.53,1019.7,58.460177369900684,7.5734374478058815,False,0.8964
41r-17c,41.0,17.0,20ft,average,copper,40m,7050000,59.73,-227.24,19.27028661243473,4.181516434494441,True,0.9229999999999999
41r-17c,41.0,17.0,20ft,average,copper,30m,10120000,426.95,861.15,43.371515356574314,6.502112136230156,False,0.9347
41r-17c,41.0,17.0,20ft,average,copper,20m,14050000,152.06,-543.92,42.25848921314802,6.399479316745267,True,0.9333
41r-17c,41.0,17.0,20ft,average,copper,17m,18080000,133.65,274.4,14.244452299812947,3.5972967050255984,True,0.9401
41r-17c,41.0,17.0,20ft,average,copper,15m,21050000,393.66,1011.2,59.93320225454848,7.669607182787228,False,0.9451999999999999
41r-17c,41.0,17.0,20ft,poor,ccs_mid,40m,7050000,74.123,-237.68,17.342064631506528,3.9654978799358442,True,0.8783
41r-17c,41.0,17.0,20ft,poor,ccs_mid,30m,10120000,479.64,816.14,37.44469037460429,6.03051835088427,True,0.89
41r-17c,41.0,17.0,20ft,poor,ccs_mid,20m,14050000,161.31,-549.45,40.94218849598975,6.29735269736249,True,0.8747
41r-17c,41.0,17.0,20ft,poor,ccs_mid,17m,18080000,152.63,278.95,13.502433991456725,3.499843584640532,True,0.8964
41r-17c,41.0,17.0,20ft,poor,ccs_mid,15m,21050000,455.94,1004.5,53.47085972847666,7.237395799007046,False,0.907
41r-17c,41.0,17.0,20ft,poor,copper,40m,7050000,70.327,-240.94,18.57285057021228,4.1128734610957745,True,0.935
41r-17c,41.0,17.0,20ft,poor,copper,30m,10120000,451.72,809.26,38.11476699175267,6.085253939251853,True,0.9416
41r-17c,41.0,17.0,20ft,poor,copper,20m,14050000,156.46,-559.27,43.40821234126145,6.4893511971135025,False,0.9331
41r-17c,41.0,17.0,20ft,poor,copper,17m,18080000,145.85,273.54,13.445868245723654,3.4896163931204143,True,0.9451
41r-17c,41.0,17.0,20ft,poor,copper,15m,21050000,434.08,997.0,54.57688761998481,7.313003777764224,False,0.951
41r-17c,41.0,17.0,30ft,average,ccs_mid,40m,7050000,71.084,-223.4,16.10483472066322,3.8030954112547697,True,0.8717
41r-17c,41.0,17.0,30ft,average,ccs_mid,30m,10120000,520.83,831.99,37.06655486157152,5.999794391961242,True,0.8969
41r-17c,41.0,17.0,30ft,average,ccs_mid,20m,14050000,171.64,-563.06,40.64153926102021,6.274937230023613,True,0.8806999999999999
41r-17c,41.0,17.0,30ft,average,ccs_mid,17m,18080000,130.11,272.83,14.358889665753289,3.6116814252783156,True,0.8771
41r-17c,41.0,17.0,30ft,average,ccs_mid,15m,21050000,410.43,1043.2,61.34466276927918,7.761387804541559,False,0.892
41r-17c,41.0,17.0,30ft,average,copper,40m,7050000,67.222,-226.71,17.322361413519538,3.9542744153077596,True,0.9312999999999999
41r-17c,41.0,17.0,30ft,average,copper,30m,10120000,491.98,826.42,37.67882746377381,6.050102265269598,True,0.9454
41r-17c,41.0,17.0,30ft,average,copper,20m,14050000,167.23,-573.24,42.919949091945014,6.453236309406016,False,0.9366
41r-17c,41.0,17.0,30ft,average,copper,17m,18080000,123.34,267.14,14.374495125067146,3.6109111444358732,True,0.9343
41r-17c,41.0,17.0,30ft,average,copper,15m,21050000,387.73,1034.4,63.0598861533898,7.870628207361268,False,0.9427
41r-17c,41.0,17.0,30ft,poor,ccs_mid,40m,7050000,77.177,-240.36,17.104477827183544,3.9389187146152453,True,0.8832
41r-17c,41.0,17.0,30ft,poor,ccs_mid,30m,10120000,507.2,796.25,35.214737755232655,5.843334195045174,True,0.8987
41r-17c,41.0,17.0,30ft,poor,ccs_mid,20m,14050000,167.96,-573.09,42.74187043242785,6.43953234080536,False,0.8759
41r-17c,41.0,17.0,30ft,poor,ccs_mid,17m,18080000,141.09,274.54,13.787930621376695,3.5363928082934426,True,0.8869
41r-17c,41.0,17.0,30ft,poor,ccs_mid,15m,21050000,446.28,1031.0,56.65649328770929,7.453999344598383,False,0.9020999999999999
41r-17c,41.0,17.0,30ft,poor,copper,40m,7050000,73.344,-243.62,18.278090391981173,4.080573694930123,True,0.9377
41r-17c,41.0,17.0,30ft,poor,copper,30m,10120000,479.66,790.53,35.72697790361047,5.886486851491224,True,0.9464
41r-17c,41.0,17.0,30ft,poor,copper,20m,14050000,163.32,-583.43,45.23432043318117,6.629500742922982,False,0.9339
41r-17c,41.0,17.0,30ft,poor,copper,17m,18080000,134.24,268.96,13.762238954130654,3.5302173200214266,True,0.9398000000000001
41r-17c,41.0,17.0,30ft,poor,copper,15m,21050000,423.65,1023.0,57.97913256400339,7.541774207480928,False,0.9483
53r-17c,53.0,17.0,20ft,average,ccs_mid,40m,7050000,160.89,187.93,7.790499486557197,2.570620474992926,True,0.8458
53r-17c,53.0,17.0,20ft,average,ccs_mid,30m,10120000,276.21,-1077.1,89.69859226479721,9.408970136278423,False,0.8506999999999999
53r-17c,53.0,17.0,20ft,average,ccs_mid,20m,14050000,105.16,81.439,3.5590687675463992,1.537717524342809,True,0.867
53r-17c,53.0,17.0,20ft,average,ccs_mid,17m,18080000,2502.6,278.01,50.669917745594205,7.047671537446696,False,0.8604999999999999
53r-17c,53.0,17.0,20ft,average,ccs_mid,15m,21050000,219.16,137.14,6.165465039358057,2.258210571334352,True,0.8702
53r-17c,53.0,17.0,20ft,average,copper,40m,7050000,149.61,180.71,7.559617948806279,2.521447502299254,True,0.9167000000000001
53r-17c,53.0,17.0,20ft,average,copper,30m,10120000,271.17,-1098.9,94.66173602156317,9.668914818822614,False,0.9197
53r-17c,53.0,17.0,20ft,average,copper,20m,14050000,99.504,76.472,3.3713815093015866,1.4715649687144128,True,0.9288
53r-17c,53.0,17.0,20ft,average,copper,17m,18080000,2585.0,447.29,53.24848003689332,7.228272100294747,False,0.9254000000000001
53r-17c,53.0,17.0,20ft,average,copper,15m,21050000,208.99,126.31,5.772606213942841,2.169468205870305,True,0.9303
53r-17c,53.0,17.0,20ft,poor,ccs_mid,40m,7050000,188.44,164.52,6.758910241289749,2.37518981131598,True,0.8712000000000001
53r-17c,53.0,17.0,20ft,poor,ccs_mid,30m,10120000,309.91,-1100.5,84.50589475612023,9.129972129625322,False,0.8609
53r-17c,53.0,17.0,20ft,poor,ccs_mid,20m,14050000,113.41,76.715,3.4577324262840228,1.5185720512577348,True,0.8765000000000001
53r-17c,53.0,17.0,20ft,poor,ccs_mid,17m,18080000,2389.6,318.33,48.640490116989454,6.902182634235162,False,0.8684000000000001
53r-17c,53.0,17.0,20ft,poor,ccs_mid,15m,21050000,235.15,133.83,6.279710108164781,2.286115240264849,True,0.8783
53r-17c,53.0,17.0,20ft,poor,copper,40m,7050000,177.16,157.87,6.484832451077874,2.314477843481264,True,0.9312
53r-17c,53.0,17.0,20ft,poor,copper,30m,10120000,306.33,-1123.5,88.6898195745805,9.356167599903138,False,0.9255
53r-17c,53.0,17.0,20ft,poor,copper,20m,14050000,107.68,71.809,3.2698671644921156,1.4530489337086545,True,0.9340999999999999
53r-17c,53.0,17.0,20ft,poor,copper,17m,18080000,2452.9,474.59,50.89522054172014,7.063602814206485,False,0.9299
53r-17c,53.0,17.0,20ft,poor,copper,15m,21050000,224.74,123.12,5.89667635670736,2.2008598560740156,True,0.9348000000000001
53r-17c,53.0,17.0,30ft,average,ccs_mid,40m,7050000,183.25,196.2,8.014378697910233,2.620363169064529,True,0.8632
53r-17c,53.0,17.0,30ft,average,ccs_mid,30m,10120000,316.33,-1079.7,80.17699801501708,8.889961059396922,False,0.8708
53r-17c,53.0,17.0,30ft,average,ccs_mid,20m,14050000,103.4,71.389,3.227481876597125,1.4330952367655934,True,0.8640000000000001
53r-17c,53.0,17.0,30ft,average,ccs_mid,17m,18080000,2606.4,348.62,53.06093324240189,7.215302900883926,False,0.8563
53r-17c,53.0,17.0,30ft,average,ccs_mid,15m,21050000,207.01,129.78,5.837683126093679,2.183449046057108,True,0.8623999999999999
53r-17c,53.0,17.0,30ft,average,copper,40m,7050000,171.6,189.26,7.769414603121909,2.5703597292070106,True,0.9266
53r-17c,53.0,17.0,30ft,average,copper,30m,10120000,313.53,-1101.5,83.81438922019852,9.092130991867203,False,0.9311
53r-17c,53.0,17.0,30ft,average,copper,20m,14050000,97.768,66.32,3.037284200383399,1.362024566792611,True,0.9270999999999999
53r-17c,53.0,17.0,30ft,average,copper,17m,18080000,2684.2,537.25,55.83535897855423,7.405041610451268,False,0.9229999999999999
53r-17c,53.0,17.0,30ft,average,copper,15m,21050000,196.72,118.85,5.4408578426382395,2.0905702638419466,True,0.9259000000000001
53r-17c,53.0,17.0,30ft,poor,ccs_mid,40m,7050000,197.38,166.55,6.865983471410244,2.3996480071697834,True,0.877
53r-17c,53.0,17.0,30ft,poor,ccs_mid,30m,10120000,331.49,-1111.4,81.2930522361207,8.952905634357842,False,0.8695
53r-17c,53.0,17.0,30ft,poor,ccs_mid,20m,14050000,108.52,69.298,3.204079855626273,1.4336796630824333,True,0.8704000000000001
53r-17c,53.0,17.0,30ft,poor,ccs_mid,17m,18080000,2524.0,375.41,51.597169552305736,7.113138592401164,False,0.8622
53r-17c,53.0,17.0,30ft,poor,ccs_mid,15m,21050000,221.6,127.91,5.96665535554624,2.2155409429020017,True,0.8706
53r-17c,53.0,17.0,30ft,poor,copper,40m,7050000,185.99,160.02,6.590420702080859,2.3395137157205155,True,0.9344
53r-17c,53.0,17.0,30ft,poor,copper,30m,10120000,329.14,-1134.6,84.94601475301259,9.15455492608767,False,0.9304000000000001
53r-17c,53.0,17.0,30ft,poor,copper,20m,14050000,102.81,64.293,3.014978868762805,1.3639362660072474,True,0.9307
53r-17c,53.0,17.0,30ft,poor,copper,17m,18080000,2586.9,553.07,54.10373303634499,7.287172832857557,False,0.9264
53r-17c,53.0,17.0,30ft,poor,copper,15m,21050000,211.05,117.1,5.578084242748818,2.1261341859442,True,0.9304000000000001
