geometry,radiator_ft,band,frequency_hz,resistance_ohm,reactance_ohm,nec_efficiency,center_height_ft,end_height_ft,included_angle_deg
carolina_20_5,40.5,40m,7050000,12.582,-721.84,0.6789000000000001,20.0,5.0,84.41089280746459
carolina_20_5,40.5,30m,10120000,28.006,-235.71,0.7920999999999999,20.0,5.0,84.41089280746459
carolina_20_5,40.5,20m,14050000,86.223,298.32,0.8776,20.0,5.0,84.41089280746459
carolina_20_5,40.5,17m,18080000,379.99,1148.9,0.9205,20.0,5.0,84.41089280746459
carolina_20_5,40.5,15m,21050000,2272.4,2457.0,0.9361,20.0,5.0,84.41089280746459
carolina_20_5,40.5,12m,24910000,1365.5,-2230.3,0.9431999999999999,20.0,5.0,84.41089280746459
carolina_20_5,40.5,10m,28050000,347.11,-1121.5,0.9396,20.0,5.0,84.41089280746459
carolina_20_5,41.0,40m,7050000,13.1,-703.45,0.6862999999999999,20.0,5.0,85.94056786348634
carolina_20_5,41.0,30m,10120000,29.482,-217.23,0.7979,20.0,5.0,85.94056786348634
carolina_20_5,41.0,20m,14050000,92.613,326.52,0.8813,20.0,5.0,85.94056786348634
carolina_20_5,41.0,17m,18080000,428.93,1224.0,0.9228000000000001,20.0,5.0,85.94056786348634
carolina_20_5,41.0,15m,21050000,2778.4,2439.7,0.9375,20.0,5.0,85.94056786348634
carolina_20_5,41.0,12m,24910000,1148.1,-2075.3,0.9434,20.0,5.0,85.94056786348634
carolina_20_5,41.0,10m,28050000,315.49,-1045.4,0.9384999999999999,20.0,5.0,85.94056786348634
carolina_20_5,41.5,40m,7050000,13.624,-685.39,0.6931999999999999,20.0,5.0,87.41253511958465
carolina_20_5,41.5,30m,10120000,30.996,-198.89,0.8033,20.0,5.0,87.41253511958465
carolina_20_5,41.5,20m,14050000,99.379,355.15,0.8847,20.0,5.0,87.41253511958465
carolina_20_5,41.5,17m,18080000,485.05,1303.2,0.9248000000000001,20.0,5.0,87.41253511958465
carolina_20_5,41.5,15m,21050000,3355.0,2285.4,0.9387000000000001,20.0,5.0,87.41253511958465
carolina_20_5,41.5,12m,24910000,977.48,-1931.1,0.9434,20.0,5.0,87.41253511958465
carolina_20_5,41.5,10m,28050000,288.0,-975.06,0.9372,20.0,5.0,87.41253511958465
carolina_20_5,42.0,40m,7050000,14.155,-667.64,0.6995999999999999,20.0,5.0,88.83061719438595
carolina_20_5,42.0,30m,10120000,32.55,-180.7,0.8083,20.0,5.0,88.83061719438595
carolina_20_5,42.0,20m,14050000,106.55,384.25,0.8879,20.0,5.0,88.83061719438595
carolina_20_5,42.0,17m,18080000,549.71,1386.8,0.9266,20.0,5.0,88.83061719438595
carolina_20_5,42.0,15m,21050000,3954.1,1936.5,0.9397,20.0,5.0,88.83061719438595
carolina_20_5,42.0,12m,24910000,841.42,-1798.6,0.9431999999999999,20.0,5.0,88.83061719438595
carolina_20_5,42.0,10m,28050000,263.94,-909.67,0.9356,20.0,5.0,88.83061719438595
carolina_20_5,42.5,40m,7050000,14.691,-650.2,0.7056999999999999,20.0,5.0,90.19825568805459
carolina_20_5,42.5,30m,10120000,34.145,-162.64,0.8129000000000001,20.0,5.0,90.19825568805459
carolina_20_5,42.5,20m,14050000,114.17,413.87,0.8908,20.0,5.0,90.19825568805459
carolina_20_5,42.5,17m,18080000,624.58,1474.9,0.9283,20.0,5.0,90.19825568805459
carolina_20_5,42.5,15m,21050000,4480.9,1358.1,0.9406,20.0,5.0,90.19825568805459
carolina_20_5,42.5,12m,24910000,731.28,-1677.6,0.9429000000000001,20.0,5.0,90.19825568805459
carolina_20_5,42.5,10m,28050000,242.76,-848.47,0.9338,20.0,5.0,90.19825568805459
carolina_20_5,43.0,40m,7050000,15.235,-633.04,0.7114,20.0,5.0,91.51856241959904
carolina_20_5,43.0,30m,10120000,35.782,-144.69,0.8173,20.0,5.0,91.51856241959904
carolina_20_5,43.0,20m,14050000,122.26,444.05,0.8935,20.0,5.0,91.51856241959904
carolina_20_5,43.0,17m,18080000,711.76,1567.5,0.9298000000000001,20.0,5.0,91.51856241959904
carolina_20_5,43.0,15m,21050000,4811.7,580.4,0.9412999999999999,20.0,5.0,91.51856241959904
carolina_20_5,43.0,12m,24910000,640.91,-1567.2,0.9423,20.0,5.0,91.51856241959904
carolina_20_5,43.0,10m,28050000,224.04,-790.86,0.9318000000000001,20.0,5.0,91.51856241959904
carolina_20_5,43.5,40m,7050000,15.785,-616.17,0.7168000000000001,20.0,5.0,92.79436205459275
carolina_20_5,43.5,30m,10120000,37.464,-126.84,0.8214,20.0,5.0,92.79436205459275
carolina_20_5,43.5,20m,14050000,130.88,474.86,0.8959999999999999,20.0,5.0,92.79436205459275
carolina_20_5,43.5,17m,18080000,813.77,1664.3,0.9311,20.0,5.0,92.79436205459275
carolina_20_5,43.5,15m,21050000,4853.5,-282.3,0.9419,20.0,5.0,92.79436205459275
carolina_20_5,43.5,12m,24910000,565.85,-1466.2,0.9416,20.0,5.0,92.79436205459275
carolina_20_5,43.5,10m,28050000,207.41,-736.33,0.9294,20.0,5.0,92.79436205459275
carolina_20_5,44.0,40m,7050000,16.341,-599.56,0.7219,20.0,5.0,94.02822783961923
carolina_20_5,44.0,30m,10120000,39.192,-109.09,0.8251999999999999,20.0,5.0,94.02822783961923
carolina_20_5,44.0,20m,14050000,140.07,506.35,0.8984000000000001,20.0,5.0,94.02822783961923
carolina_20_5,44.0,17m,18080000,933.76,1764.6,0.9323999999999999,20.0,5.0,94.02822783961923
carolina_20_5,44.0,15m,21050000,4605.4,-1076.4,0.9423,20.0,5.0,94.02822783961923
carolina_20_5,44.0,12m,24910000,502.82,-1373.6,0.9407,20.0,5.0,94.02822783961923
carolina_20_5,44.0,10m,28050000,192.6,-684.45,0.9269,20.0,5.0,94.02822783961923
carolina_20_5,44.5,40m,7050000,16.905,-583.2,0.7267,20.0,5.0,95.22251176787015
carolina_20_5,44.5,30m,10120000,40.969,-91.41,0.8288,20.0,5.0,95.22251176787015
carolina_20_5,44.5,20m,14050000,149.87,538.57,0.9005,20.0,5.0,95.22251176787015
carolina_20_5,44.5,17m,18080000,1075.6,1867.3,0.9335,20.0,5.0,95.22251176787015
carolina_20_5,44.5,15m,21050000,4156.3,-1689.2,0.9427,20.0,5.0,95.22251176787015
carolina_20_5,44.5,12m,24910000,449.38,-1288.3,0.9396,20.0,5.0,95.22251176787015
carolina_20_5,44.5,10m,28050000,179.4,-634.86,0.924,20.0,5.0,95.22251176787015
carolina_20_5,45.0,40m,7050000,17.476,-567.1,0.7313,20.0,5.0,96.37937020844281
carolina_20_5,45.0,30m,10120000,42.797,-73.797,0.8321999999999999,20.0,5.0,96.37937020844281
carolina_20_5,45.0,20m,14050000,160.36,571.58,0.9026000000000001,20.0,5.0,96.37937020844281
carolina_20_5,45.0,17m,18080000,1243.8,1969.9,0.9345,20.0,5.0,96.37937020844281
carolina_20_5,45.0,15m,21050000,3622.7,-2088.9,0.9429000000000001,20.0,5.0,96.37937020844281
carolina_20_5,45.0,12m,24910000,403.67,-1209.5,0.9383,20.0,5.0,96.37937020844281
carolina_20_5,45.0,10m,28050000,167.62,-587.23,0.9209,20.0,5.0,96.37937020844281
carolina_20_5,45.5,40m,7050000,18.055,-551.23,0.7356999999999999,20.0,5.0,97.50078581198592
carolina_20_5,45.5,30m,10120000,44.677,-56.239,0.8354,20.0,5.0,97.50078581198592
carolina_20_5,45.5,20m,14050000,171.59,605.47,0.9045000000000001,20.0,5.0,97.50078581198592
carolina_20_5,45.5,17m,18080000,1443.8,2068.8,0.9354,20.0,5.0,97.50078581198592
carolina_20_5,45.5,15m,21050000,3094.4,-2304.1,0.943,20.0,5.0,97.50078581198592
carolina_20_5,45.5,12m,24910000,364.27,-1136.3,0.9368000000000001,20.0,5.0,97.50078581198592
carolina_20_5,45.5,10m,28050000,157.1,-541.28,0.9175,20.0,5.0,97.50078581198592
carolina_20_5,46.0,40m,7050000,18.641,-535.58,0.7398,20.0,5.0,98.58858633791715
carolina_20_5,46.0,30m,10120000,46.612,-38.723,0.8384,20.0,5.0,98.58858633791715
carolina_20_5,46.0,20m,14050000,183.63,640.28,0.9062,20.0,5.0,98.58858633791715
carolina_20_5,46.0,17m,18080000,1681.9,2157.7,0.9361,20.0,5.0,98.58858633791715
carolina_20_5,46.0,15m,21050000,2619.2,-2385.1,0.943,20.0,5.0,98.58858633791715
carolina_20_5,46.0,12m,24910000,330.07,-1068.1,0.9351,20.0,5.0,98.58858633791715
carolina_20_5,46.0,10m,28050000,147.73,-496.78,0.9138,20.0,5.0,98.58858633791715
carolina_20_5,46.5,40m,7050000,19.235,-520.15,0.7437,20.0,5.0,99.64446091970422
carolina_20_5,46.5,30m,10120000,48.604,-21.24,0.8412999999999999,20.0,5.0,99.64446091970422
carolina_20_5,46.5,20m,14050000,196.57,676.11,0.9079,20.0,5.0,99.64446091970422
carolina_20_5,46.5,17m,18080000,1964.3,2227.4,0.9368000000000001,20.0,5.0,99.64446091970422
carolina_20_5,46.5,15m,21050000,2213.2,-2379.1,0.9429000000000001,20.0,5.0,99.64446091970422
carolina_20_5,46.5,12m,24910000,300.21,-1004.1,0.9331999999999999,20.0,5.0,99.64446091970422
carolina_20_5,46.5,10m,28050000,139.4,-453.5,0.9098999999999999,20.0,5.0,99.64446091970422
carolina_20_5,47.0,40m,7050000,19.837,-504.93,0.7475,20.0,5.0,100.66997418481368
carolina_20_5,47.0,30m,10120000,50.657,-3.7766,0.8440000000000001,20.0,5.0,100.66997418481368
carolina_20_5,47.0,20m,14050000,210.5,713.02,0.9095,20.0,5.0,100.66997418481368
carolina_20_5,47.0,17m,18080000,2296.3,2263.7,0.9373999999999999,20.0,5.0,100.66997418481368
carolina_20_5,47.0,15m,21050000,1875.2,-2321.0,0.9426000000000001,20.0,5.0,100.66997418481368
carolina_20_5,47.0,12m,24910000,274.0,-944.04,0.9311,20.0,5.0,100.66997418481368
carolina_20_5,47.0,10m,28050000,132.03,-411.24,0.9057999999999999,20.0,5.0,100.66997418481368
carolina_20_5,47.5,40m,7050000,20.447,-489.91,0.7509999999999999,20.0,5.0,101.66657856775966
carolina_20_5,47.5,30m,10120000,52.772,13.677,0.8466,20.0,5.0,101.66657856775966
carolina_20_5,47.5,20m,14050000,225.52,751.11,0.9109,20.0,5.0,101.66657856775966
carolina_20_5,47.5,17m,18080000,2680.1,2246.8,0.938,20.0,5.0,101.66657856775966
carolina_20_5,47.5,15m,21050000,1597.0,-2234.4,0.9423,20.0,5.0,101.66657856775966
carolina_20_5,47.5,12m,24910000,250.88,-887.31,0.9287000000000001,20.0,5.0,101.66657856775966
carolina_20_5,47.5,10m,28050000,125.56,-369.83,0.9015000000000001,20.0,5.0,101.66657856775966
carolina_20_5,48.0,40m,7050000,21.066,-475.09,0.7544,20.0,5.0,102.6356250930211
carolina_20_5,48.0,30m,10120000,54.952,31.133,0.8491,20.0,5.0,102.6356250930211
carolina_20_5,48.0,20m,14050000,241.75,790.46,0.9123,20.0,5.0,102.6356250930211
carolina_20_5,48.0,17m,18080000,3110.6,2150.5,0.9384,20.0,5.0,102.6356250930211
carolina_20_5,48.0,15m,21050000,1368.7,-2134.1,0.9418000000000001,20.0,5.0,102.6356250930211
carolina_20_5,48.0,12m,24910000,230.42,-833.54,0.9261,20.0,5.0,102.6356250930211
carolina_20_5,48.0,10m,28050000,119.93,-329.09,0.8969,20.0,5.0,102.6356250930211
carolina_20_5,48.5,40m,7050000,21.693,-460.44,0.7576999999999999,20.0,5.0,103.57837285558593
carolina_20_5,48.5,30m,10120000,57.201,48.601,0.8514,20.0,5.0,103.57837285558593
carolina_20_5,48.5,20m,14050000,259.32,831.18,0.9136,20.0,5.0,103.57837285558593
carolina_20_5,48.5,17m,18080000,3569.5,1944.9,0.9388,20.0,5.0,103.57837285558593
carolina_20_5,48.5,15m,21050000,1180.9,-2028.8,0.9412,20.0,5.0,103.57837285558593
carolina_20_5,48.5,12m,24910000,212.25,-782.39,0.9233,20.0,5.0,103.57837285558593
carolina_20_5,48.5,10m,28050000,115.11,-288.88,0.8923000000000001,20.0,5.0,103.57837285558593
carolina_20_5,49.0,40m,7050000,22.33,-445.98,0.7608,20.0,5.0,104.49599738765403
carolina_20_5,49.0,30m,10120000,59.521,66.093,0.8536,20.0,5.0,104.49599738765403
carolina_20_5,49.0,20m,14050000,278.39,873.36,0.9148000000000001,20.0,5.0,104.49599738765403
carolina_20_5,49.0,17m,18080000,4020.0,1602.8,0.9390000000000001,20.0,5.0,104.49599738765403
carolina_20_5,49.0,15m,21050000,1025.6,-1923.8,0.9405,20.0,5.0,104.49599738765403
carolina_20_5,49.0,12m,24910000,196.07,-733.56,0.9201999999999999,20.0,5.0,104.49599738765403
carolina_20_5,49.0,10m,28050000,111.06,-249.05,0.8876000000000001,20.0,5.0,104.49599738765403
carolina_20_5,49.5,40m,7050000,22.975,-431.68,0.7637999999999999,20.0,5.0,105.38959806842986
carolina_20_5,49.5,30m,10120000,61.916,83.621,0.8558,20.0,5.0,105.38959806842986
carolina_20_5,49.5,20m,14050000,299.13,917.12,0.9159,20.0,5.0,105.38959806842986
carolina_20_5,49.5,17m,18080000,4405.5,1113.4,0.9392,20.0,5.0,105.38959806842986
carolina_20_5,49.5,15m,21050000,896.37,-1821.9,0.9397,20.0,5.0,105.38959806842986
carolina_20_5,49.5,12m,24910000,181.63,-686.78,0.9168000000000001,20.0,5.0,105.38959806842986
carolina_20_5,49.5,10m,28050000,107.77,-209.45,0.883,20.0,5.0,105.38959806842986
carolina_20_5,50.0,40m,7050000,23.629,-417.54,0.7667,20.0,5.0,106.26020470831197
carolina_20_5,50.0,30m,10120000,64.39,101.19,0.8578,20.0,5.0,106.26020470831197
carolina_20_5,50.0,20m,14050000,321.72,962.58,0.917,20.0,5.0,106.26020470831197
carolina_20_5,50.0,17m,18080000,4659.6,498.06,0.9394,20.0,5.0,106.26020470831197
carolina_20_5,50.0,15m,21050000,788.13,-1724.4,0.9388,20.0,5.0,106.26020470831197
carolina_20_5,50.0,12m,24910000,168.74,-641.81,0.9131999999999999,20.0,5.0,106.26020470831197
carolina_20_5,50.0,10m,28050000,105.22,-169.95,0.8784000000000001,20.0,5.0,106.26020470831197
carolina_20_5,50.5,40m,7050000,24.293,-403.57,0.7695000000000001,20.0,5.0,107.10878341789426
carolina_20_5,50.5,30m,10120000,66.945,118.82,0.8597,20.0,5.0,107.10878341789426
carolina_20_5,50.5,20m,14050000,346.41,1009.9,0.9179999999999999,20.0,5.0,107.10878341789426
carolina_20_5,50.5,17m,18080000,4729.7,-184.12,0.9394,20.0,5.0,107.10878341789426
carolina_20_5,50.5,15m,21050000,696.81,-1632.1,0.9377,20.0,5.0,107.10878341789426
carolina_20_5,50.5,12m,24910000,157.21,-598.44,0.9093000000000001,20.0,5.0,107.10878341789426
carolina_20_5,50.5,10m,28050000,103.44,-130.41,0.8740000000000001,20.0,5.0,107.10878341789426
carolina_20_5,51.0,40m,7050000,24.967,-389.74,0.7720999999999999,20.0,5.0,107.9362418550589
carolina_20_5,51.0,30m,10120000,69.587,136.52,0.8615999999999999,20.0,5.0,107.9362418550589
carolina_20_5,51.0,20m,14050000,373.46,1059.1,0.9189,20.0,5.0,107.9362418550589
carolina_20_5,51.0,17m,18080000,4601.7,-850.44,0.9394,20.0,5.0,107.9362418550589
carolina_20_5,51.0,15m,21050000,619.22,-1545.1,0.9365000000000001,20.0,5.0,107.9362418550589
carolina_20_5,51.0,12m,24910000,146.91,-556.48,0.9051,20.0,5.0,107.9362418550589
carolina_20_5,51.0,10m,28050000,102.4,-90.71,0.8698999999999999,20.0,5.0,107.9362418550589
carolina_20_5,51.5,40m,7050000,25.651,-376.05,0.7746999999999999,20.0,5.0,108.74343392931544
carolina_20_5,51.5,30m,10120000,72.319,154.3,0.8634000000000001,20.0,5.0,108.74343392931544
carolina_20_5,51.5,20m,14050000,403.15,1110.4,0.9198000000000001,20.0,5.0,108.74343392931544
carolina_20_5,51.5,17m,18080000,4307.5,-1425.1,0.9393,20.0,5.0,108.74343392931544
carolina_20_5,51.5,15m,21050000,552.86,-1463.2,0.9351,20.0,5.0,108.74343392931544
carolina_20_5,51.5,12m,24910000,137.72,-515.76,0.9007,20.0,5.0,108.74343392931544
carolina_20_5,51.5,10m,28050000,102.18,-50.69,0.8662000000000001,20.0,5.0,108.74343392931544
carolina_20_5,52.0,40m,7050000,26.345,-362.5,0.7770999999999999,20.0,5.0,109.53116403083767
carolina_20_5,52.0,30m,10120000,75.146,172.18,0.8651000000000001,20.0,5.0,109.53116403083767
carolina_20_5,52.0,20m,14050000,435.86,1164.0,0.9206,20.0,5.0,109.53116403083767
carolina_20_5,52.0,17m,18080000,3907.6,-1864.2,0.9390999999999999,20.0,5.0,109.53116403083767
carolina_20_5,52.0,15m,21050000,495.75,-1386.3,0.9336,20.0,5.0,109.53116403083767
carolina_20_5,52.0,12m,24910000,129.54,-476.13,0.8959999999999999,20.0,5.0,109.53116403083767
carolina_20_5,52.0,10m,28050000,102.76,-10.233,0.863,20.0,5.0,109.53116403083767
carolina_20_5,52.5,40m,7050000,27.05,-349.08,0.7795000000000001,20.0,5.0,110.30019084190704
carolina_20_5,52.5,30m,10120000,78.072,190.15,0.8667,20.0,5.0,110.30019084190704
carolina_20_5,52.5,20m,14050000,471.98,1219.9,0.9214,20.0,5.0,110.30019084190704
carolina_20_5,52.5,17m,18080000,3465.4,-2161.0,0.9389,20.0,5.0,110.30019084190704
carolina_20_5,52.5,15m,21050000,446.31,-1314.0,0.932,20.0,5.0,110.30019084190704
carolina_20_5,52.5,12m,24910000,122.29,-437.44,0.8911,20.0,5.0,110.30019084190704
carolina_20_5,52.5,10m,28050000,104.25,30.827,0.8604,20.0,5.0,110.30019084190704
carolina_20_5,53.0,40m,7050000,27.765,-335.78,0.7818,20.0,5.0,111.05123078032402
carolina_20_5,53.0,30m,10120000,81.102,208.24,0.8682,20.0,5.0,111.05123078032402
carolina_20_5,53.0,20m,14050000,511.99,1278.4,0.9220999999999999,20.0,5.0,111.05123078032402
carolina_20_5,53.0,17m,18080000,3028.8,-2333.7,0.9386,20.0,5.0,111.05123078032402
carolina_20_5,53.0,15m,21050000,403.27,-1245.9,0.9301,20.0,5.0,111.05123078032402
carolina_20_5,53.0,12m,24910000,115.88,-399.57,0.8861,20.0,5.0,111.05123078032402
carolina_20_5,53.0,10m,28050000,106.65,72.618,0.8584,20.0,5.0,111.05123078032402
carolina_20_5,53.5,40m,7050000,28.492,-322.6,0.784,20.0,5.0,111.78496111750634
carolina_20_5,53.5,30m,10120000,84.243,226.46,0.8697,20.0,5.0,111.78496111750634
carolina_20_5,53.5,20m,14050000,556.44,1339.5,0.9227,20.0,5.0,111.78496111750634
carolina_20_5,53.5,17m,18080000,2626.4,-2410.5,0.9381999999999999,20.0,5.0,111.78496111750634
carolina_20_5,53.5,15m,21050000,365.62,-1181.7,0.9281,20.0,5.0,111.78496111750634
carolina_20_5,53.5,12m,24910000,110.28,-362.38,0.8809,20.0,5.0,111.78496111750634
carolina_20_5,53.5,10m,28050000,110.11,115.33,0.8571,20.0,5.0,111.78496111750634
carolina_20_5,54.0,40m,7050000,29.229,-309.54,0.7861,20.0,5.0,112.50202280822283
carolina_20_5,54.0,30m,10120000,87.499,244.82,0.8712000000000001,20.0,5.0,112.50202280822283
carolina_20_5,54.0,20m,14050000,606.0,1403.5,0.9233,20.0,5.0,112.50202280822283
carolina_20_5,54.0,17m,18080000,2270.5,-2419.3,0.9377,20.0,5.0,112.50202280822283
carolina_20_5,54.0,15m,21050000,332.53,-1121.1,0.9259999999999999,20.0,5.0,112.50202280822283
carolina_20_5,54.0,12m,24910000,105.42,-325.77,0.8756,20.0,5.0,112.50202280822283
carolina_20_5,54.0,10m,28050000,114.68,159.11,0.8565,20.0,5.0,112.50202280822283
carolina_20_5,54.5,40m,7050000,29.979,-296.59,0.7881999999999999,20.0,5.0,113.20302306402552
carolina_20_5,54.5,30m,10120000,90.876,263.33,0.8726,20.0,5.0,113.20302306402552
carolina_20_5,54.5,20m,14050000,661.43,1470.4,0.9239,20.0,5.0,113.20302306402552
carolina_20_5,54.5,17m,18080000,1963.2,-2382.9,0.9370999999999999,20.0,5.0,113.20302306402552
carolina_20_5,54.5,15m,21050000,303.33,-1063.7,0.9236,20.0,5.0,113.20302306402552
carolina_20_5,54.5,12m,24910000,101.3,-289.63,0.8703,20.0,5.0,113.20302306402552
carolina_20_5,54.5,10m,28050000,120.52,204.16,0.8565,20.0,5.0,113.20302306402552
carolina_20_5,55.0,40m,7050000,30.74,-283.74,0.7902,20.0,5.0,113.88853769829201
carolina_20_5,55.0,30m,10120000,94.381,282.01,0.8739,20.0,5.0,113.88853769829201
carolina_20_5,55.0,20m,14050000,723.64,1540.2,0.9244,20.0,5.0,113.88853769829201
carolina_20_5,55.0,17m,18080000,1701.6,-2318.4,0.9365000000000001,20.0,5.0,113.88853769829201
carolina_20_5,55.0,15m,21050000,277.46,-1009.3,0.9209999999999999,20.0,5.0,113.88853769829201
carolina_20_5,55.0,12m,24910000,97.837,-253.85,0.8651000000000001,20.0,5.0,113.88853769829201
carolina_20_5,55.0,10m,28050000,127.77,250.67,0.8573000000000001,20.0,5.0,113.88853769829201
carolina_20_5,55.5,40m,7050000,31.514,-270.99,0.7920999999999999,20.0,5.0,114.5591132672484
carolina_20_5,55.5,30m,10120000,98.022,300.87,0.8752,20.0,5.0,114.5591132672484
carolina_20_5,55.5,20m,14050000,793.71,1613.1,0.9248999999999999,20.0,5.0,114.5591132672484
carolina_20_5,55.5,17m,18080000,1480.1,-2237.6,0.9357,20.0,5.0,114.5591132672484
carolina_20_5,55.5,15m,21050000,254.47,-957.48,0.9181999999999999,20.0,5.0,114.5591132672484
carolina_20_5,55.5,12m,24910000,95.041,-218.35,0.86,20.0,5.0,114.5591132672484
carolina_20_5,55.5,10m,28050000,136.62,298.87,0.8587,20.0,5.0,114.5591132672484
carolina_20_5,56.0,40m,7050000,32.3,-258.33,0.7939,20.0,5.0,115.21526902831401
carolina_20_5,56.0,30m,10120000,101.8,319.93,0.8764,20.0,5.0,115.21526902831401
carolina_20_5,56.0,20m,14050000,872.91,1688.9,0.9253,20.0,5.0,115.21526902831401
carolina_20_5,56.0,17m,18080000,1292.9,-2148.4,0.9349,20.0,5.0,115.21526902831401
carolina_20_5,56.0,15m,21050000,233.98,-908.13,0.9152,20.0,5.0,115.21526902831401
carolina_20_5,56.0,12m,24910000,92.892,-183.02,0.8551000000000001,20.0,5.0,115.21526902831401
carolina_20_5,56.0,10m,28050000,147.34,349.01,0.8606,20.0,5.0,115.21526902831401
carolina_20_5,56.5,40m,7050000,33.1,-245.76,0.7957,20.0,5.0,115.85749873450638
carolina_20_5,56.5,30m,10120000,105.74,339.2,0.8776,20.0,5.0,115.85749873450638
carolina_20_5,56.5,20m,14050000,962.75,1767.4,0.9257,20.0,5.0,115.85749873450638
carolina_20_5,56.5,17m,18080000,1134.6,-2055.9,0.934,20.0,5.0,115.85749873450638
carolina_20_5,56.5,15m,21050000,215.66,-860.98,0.912,20.0,5.0,115.85749873450638
carolina_20_5,56.5,12m,24910000,91.408,-147.76,0.8506999999999999,20.0,5.0,115.85749873450638
carolina_20_5,56.5,10m,28050000,160.2,401.35,0.8629000000000001,20.0,5.0,115.85749873450638
carolina_20_5,57.0,40m,7050000,33.912,-233.28,0.7975,20.0,5.0,116.48627228140576
carolina_20_5,57.0,30m,10120000,109.83,358.69,0.8787,20.0,5.0,116.48627228140576
carolina_20_5,57.0,20m,14050000,1065.0,1848.3,0.9259999999999999,20.0,5.0,116.48627228140576
carolina_20_5,57.0,17m,18080000,1000.3,-1963.5,0.9329999999999999,20.0,5.0,116.48627228140576
carolina_20_5,57.0,15m,21050000,199.25,-815.82,0.9085,20.0,5.0,116.48627228140576
carolina_20_5,57.0,12m,24910000,90.545,-112.49,0.8467,20.0,5.0,116.48627228140576
carolina_20_5,57.0,10m,28050000,175.52,456.19,0.8656999999999999,20.0,5.0,116.48627228140576
carolina_20_5,57.5,40m,7050000,34.738,-220.88,0.7992,20.0,5.0,117.10203722124086
carolina_20_5,57.5,30m,10120000,114.09,378.42,0.8798,20.0,5.0,117.10203722124086
carolina_20_5,57.5,20m,14050000,1181.8,1930.9,0.9262999999999999,20.0,5.0,117.10203722124086
carolina_20_5,57.5,17m,18080000,885.95,-1873.0,0.9319,20.0,5.0,117.10203722124086
carolina_20_5,57.5,15m,21050000,184.53,-772.47,0.9048,20.0,5.0,117.10203722124086
carolina_20_5,57.5,12m,24910000,90.333,-77.122,0.8432,20.0,5.0,117.10203722124086
carolina_20_5,57.5,10m,28050000,193.85,513.88,0.8687,20.0,5.0,117.10203722124086
carolina_20_5,58.0,40m,7050000,35.578,-208.55,0.8008,20.0,5.0,117.70522015698207
carolina_20_5,58.0,30m,10120000,118.52,398.4,0.8809,20.0,5.0,117.70522015698207
carolina_20_5,58.0,20m,14050000,1315.7,2014.0,0.9266,20.0,5.0,117.70522015698207
carolina_20_5,58.0,17m,18080000,788.08,-1785.7,0.9306,20.0,5.0,117.70522015698207
carolina_20_5,58.0,15m,21050000,171.3,-730.77,0.9007999999999999,20.0,5.0,117.70522015698207
carolina_20_5,58.0,12m,24910000,90.815,-41.54,0.8404,20.0,5.0,117.70522015698207
carolina_20_5,58.0,10m,28050000,215.52,574.76,0.8719,20.0,5.0,117.70522015698207
carolina_20_5,58.5,40m,7050000,36.432,-196.29,0.8024,20.0,5.0,118.2962280278693
carolina_20_5,58.5,30m,10120000,123.15,418.66,0.8819,20.0,5.0,118.2962280278693
carolina_20_5,58.5,20m,14050000,1469.3,2096.0,0.9268000000000001,20.0,5.0,118.2962280278693
carolina_20_5,58.5,17m,18080000,703.94,-1702.0,0.9293,20.0,5.0,118.2962280278693
carolina_20_5,58.5,15m,21050000,159.4,-690.56,0.8966,20.0,5.0,118.2962280278693
carolina_20_5,58.5,12m,24910000,91.961,-5.6708,0.8382999999999999,20.0,5.0,118.2962280278693
carolina_20_5,58.5,10m,28050000,240.78,639.21,0.8748,20.0,5.0,118.2962280278693
carolina_20_5,59.0,40m,7050000,37.301,-184.11,0.8039000000000001,20.0,5.0,118.87544929653434
carolina_20_5,59.0,30m,10120000,127.97,439.22,0.8829,20.0,5.0,118.87544929653434
carolina_20_5,59.0,20m,14050000,1646.1,2174.4,0.927,20.0,5.0,118.87544929653434
carolina_20_5,59.0,17m,18080000,631.26,-1622.3,0.9278,20.0,5.0,118.87544929653434
carolina_20_5,59.0,15m,21050000,148.7,-651.69,0.8920999999999999,20.0,5.0,118.87544929653434
carolina_20_5,59.0,12m,24910000,93.855,30.603,0.8369,20.0,5.0,118.87544929653434
carolina_20_5,59.0,10m,28050000,270.84,707.71,0.8779,20.0,5.0,118.87544929653434
carolina_20_5,59.5,40m,7050000,38.185,-171.98,0.8054000000000001,20.0,5.0,119.44325504676634
carolina_20_5,59.5,30m,10120000,133.0,460.08,0.8837999999999999,20.0,5.0,119.44325504676634
carolina_20_5,59.5,20m,14050000,1849.6,2245.5,0.9270999999999999,20.0,5.0,119.44325504676634
carolina_20_5,59.5,17m,18080000,568.17,-1546.6,0.9262999999999999,20.0,5.0,119.44325504676634
carolina_20_5,59.5,15m,21050000,139.07,-614.05,0.8874,20.0,5.0,119.44325504676634
carolina_20_5,59.5,12m,24910000,96.513,67.374,0.8362,20.0,5.0,119.44325504676634
carolina_20_5,59.5,10m,28050000,306.66,780.75,0.8808,20.0,5.0,119.44325504676634
carolina_20_5,60.0,40m,7050000,39.085,-159.91,0.8069,20.0,5.0,120.00000000000001
carolina_20_5,60.0,30m,10120000,138.26,481.27,0.8847,20.0,5.0,120.00000000000001
carolina_20_5,60.0,20m,14050000,2083.4,2304.2,0.9272,20.0,5.0,120.00000000000001
carolina_20_5,60.0,17m,18080000,513.15,-1474.9,0.9246,20.0,5.0,120.00000000000001
carolina_20_5,60.0,15m,21050000,130.42,-577.51,0.8824,20.0,5.0,120.00000000000001
carolina_20_5,60.0,12m,24910000,99.958,104.74,0.8362,20.0,5.0,120.00000000000001
carolina_20_5,60.0,10m,28050000,349.63,858.82,0.8837,20.0,5.0,120.00000000000001
carolina_20_5,60.5,40m,7050000,40.0,-147.9,0.8083,20.0,5.0,120.5460234577535
carolina_20_5,60.5,30m,10120000,143.76,502.8,0.8856,20.0,5.0,120.5460234577535
carolina_20_5,60.5,20m,14050000,2351.0,2343.2,0.9273,20.0,5.0,120.5460234577535
carolina_20_5,60.5,17m,18080000,464.96,-1406.9,0.9227,20.0,5.0,120.5460234577535
carolina_20_5,60.5,15m,21050000,122.65,-541.97,0.8772,20.0,5.0,120.5460234577535
carolina_20_5,60.5,12m,24910000,104.3,142.83,0.8370000000000001,20.0,5.0,120.5460234577535
carolina_20_5,60.5,10m,28050000,401.48,942.44,0.8865999999999999,20.0,5.0,120.5460234577535
carolina_20_5,61.0,40m,7050000,40.932,-135.94,0.8097,20.0,5.0,121.08165017649222
carolina_20_5,61.0,30m,10120000,149.51,524.71,0.8864,20.0,5.0,121.08165017649222
carolina_20_5,61.0,20m,14050000,2654.8,2352.6,0.9273,20.0,5.0,121.08165017649222
carolina_20_5,61.0,17m,18080000,422.58,-1342.5,0.9207,20.0,5.0,121.08165017649222
carolina_20_5,61.0,15m,21050000,115.69,-507.33,0.8719,20.0,5.0,121.08165017649222
carolina_20_5,61.0,12m,24910000,109.58,181.75,0.8382999999999999,20.0,5.0,121.08165017649222
carolina_20_5,61.0,10m,28050000,464.44,1032.0,0.8893000000000001,20.0,5.0,121.08165017649222
carolina_20_5,61.5,40m,7050000,41.881,-124.03,0.8109999999999999,20.0,5.0,121.60719118073568
carolina_20_5,61.5,30m,10120000,155.52,547.01,0.8872,20.0,5.0,121.60719118073568
carolina_20_5,61.5,20m,14050000,2995.0,2319.4,0.9273,20.0,5.0,121.60719118073568
carolina_20_5,61.5,17m,18080000,385.16,-1281.4,0.9186,20.0,5.0,121.60719118073568
carolina_20_5,61.5,15m,21050000,109.48,-473.49,0.8663,20.0,5.0,121.60719118073568
carolina_20_5,61.5,12m,24910000,115.93,221.64,0.8403,20.0,5.0,121.60719118073568
carolina_20_5,61.5,10m,28050000,541.3,1127.9,0.8918,20.0,5.0,121.60719118073568
carolina_20_5,62.0,40m,7050000,42.847,-112.16,0.8123,20.0,5.0,122.12294451963872
carolina_20_5,62.0,30m,10120000,161.83,569.73,0.888,20.0,5.0,122.12294451963872
carolina_20_5,62.0,20m,14050000,3367.9,2227.8,0.9272,20.0,5.0,122.12294451963872
carolina_20_5,62.0,17m,18080000,351.99,-1223.3,0.9163,20.0,5.0,122.12294451963872
carolina_20_5,62.0,15m,21050000,103.97,-440.37,0.8606999999999999,20.0,5.0,122.12294451963872
carolina_20_5,62.0,12m,24910000,123.42,262.63,0.8427,20.0,5.0,122.12294451963872
carolina_20_5,62.0,10m,28050000,635.92,1229.9,0.8942,20.0,5.0,122.12294451963872
carolina_20_5,62.5,40m,7050000,43.831,-100.33,0.8136,20.0,5.0,122.62919597176213
carolina_20_5,62.5,30m,10120000,168.44,592.88,0.8887999999999999,20.0,5.0,122.62919597176213
carolina_20_5,62.5,20m,14050000,3763.1,2059.5,0.9270999999999999,20.0,5.0,122.62919597176213
carolina_20_5,62.5,17m,18080000,322.5,-1168.2,0.9138,20.0,5.0,122.62919597176213
carolina_20_5,62.5,15m,21050000,99.097,-407.89,0.855,20.0,5.0,122.62919597176213
carolina_20_5,62.5,12m,24910000,132.2,304.86,0.8454999999999999,20.0,5.0,122.62919597176213
carolina_20_5,62.5,10m,28050000,753.29,1337.3,0.8964,20.0,5.0,122.62919597176213
carolina_20_5,63.0,40m,7050000,44.833,-88.541,0.8148000000000001,20.0,5.0,123.12621970228926
carolina_20_5,63.0,30m,10120000,175.38,616.5,0.8895000000000001,20.0,5.0,123.12621970228926
carolina_20_5,63.0,20m,14050000,4161.4,1797.1,0.927,20.0,5.0,123.12621970228926
carolina_20_5,63.0,17m,18080000,296.18,-1115.7,0.9112,20.0,5.0,123.12621970228926
carolina_20_5,63.0,15m,21050000,94.815,-375.98,0.8492000000000001,20.0,5.0,123.12621970228926
carolina_20_5,63.0,12m,24910000,142.41,348.51,0.8486,20.0,5.0,123.12621970228926
carolina_20_5,63.0,10m,28050000,899.97,1448.1,0.8984000000000001,20.0,5.0,123.12621970228926
carolina_20_5,63.5,40m,7050000,45.853,-76.781,0.816,20.0,5.0,123.61427887653562
carolina_20_5,63.5,30m,10120000,182.66,640.62,0.8902,20.0,5.0,123.61427887653562
carolina_20_5,63.5,20m,14050000,4532.9,1428.9,0.9268000000000001,20.0,5.0,123.61427887653562
carolina_20_5,63.5,17m,18080000,272.65,-1065.6,0.9084,20.0,5.0,123.61427887653562
carolina_20_5,63.5,15m,21050000,91.119,-344.55,0.8436,20.0,5.0,123.61427887653562
carolina_20_5,63.5,12m,24910000,154.27,393.73,0.8519,20.0,5.0,123.61427887653562
carolina_20_5,63.5,10m,28050000,1084.2,1557.9,0.9003,20.0,5.0,123.61427887653562
carolina_20_5,64.0,40m,7050000,46.893,-65.05,0.8172,20.0,5.0,124.09362623323774
carolina_20_5,64.0,30m,10120000,190.32,665.25,0.8909,20.0,5.0,124.09362623323774
carolina_20_5,64.0,20m,14050000,4839.2,954.97,0.9265000000000001,20.0,5.0,124.09362623323774
carolina_20_5,64.0,17m,18080000,251.53,-1017.8,0.9054000000000001,20.0,5.0,124.09362623323774
carolina_20_5,64.0,15m,21050000,87.965,-313.55,0.838,20.0,5.0,124.09362623323774
carolina_20_5,64.0,12m,24910000,167.97,440.72,0.8554,20.0,5.0,124.09362623323774
carolina_20_5,64.0,10m,28050000,1316.2,1658.7,0.902,20.0,5.0,124.09362623323774
carolina_20_5,64.5,40m,7050000,47.953,-53.345,0.8183,20.0,5.0,124.56450462078092
carolina_20_5,64.5,30m,10120000,198.38,690.44,0.8915000000000001,20.0,5.0,124.56450462078092
carolina_20_5,64.5,20m,14050000,5039.7,394.21,0.9262,20.0,5.0,124.56450462078092
carolina_20_5,64.5,17m,18080000,232.55,-972.12,0.9022,20.0,5.0,124.56450462078092
carolina_20_5,64.5,15m,21050000,85.329,-282.91,0.8327,20.0,5.0,124.56450462078092
carolina_20_5,64.5,12m,24910000,183.79,489.69,0.8590000000000001,20.0,5.0,124.56450462078092
carolina_20_5,64.5,10m,28050000,1606.6,1735.6,0.9034,20.0,5.0,124.56450462078092
carolina_20_5,65.0,40m,7050000,49.034,-41.661,0.8195,20.0,5.0,125.02714749923744
carolina_20_5,65.0,30m,10120000,206.87,716.21,0.8920999999999999,20.0,5.0,125.02714749923744
carolina_20_5,65.0,20m,14050000,5102.8,-215.04,0.9259000000000001,20.0,5.0,125.02714749923744
carolina_20_5,65.0,17m,18080000,215.44,-928.31,0.8987999999999999,20.0,5.0,125.02714749923744
carolina_20_5,65.0,15m,21050000,83.194,-252.57,0.8277,20.0,5.0,125.02714749923744
carolina_20_5,65.0,12m,24910000,202.06,540.85,0.8626,20.0,5.0,125.02714749923744
carolina_20_5,65.0,10m,28050000,1965.0,1763.8,0.9047,20.0,5.0,125.02714749923744
pulaski_30_10,40.5,40m,7050000,4.3142,-751.37,0.11199999999999999,30.0,10.0,18.024902998504132
pulaski_30_10,40.5,30m,10120000,6.8351,-300.82,0.2095,30.0,10.0,18.024902998504132
pulaski_30_10,40.5,20m,14050000,13.917,166.62,0.33159999999999995,30.0,10.0,18.024902998504132
pulaski_30_10,40.5,17m,18080000,42.921,887.27,0.4355,30.0,10.0,18.024902998504132
pulaski_30_10,40.5,15m,21050000,256.06,2759.5,0.5052,30.0,10.0,18.024902998504132
pulaski_30_10,40.5,12m,24910000,313.6,-3218.5,0.5859000000000001,30.0,10.0,18.024902998504132
pulaski_30_10,40.5,10m,28050000,53.633,-1137.4,0.6257,30.0,10.0,18.024902998504132
pulaski_30_10,41.0,40m,7050000,4.8786,-745.44,0.1957,30.0,10.0,25.36076698363964
pulaski_30_10,41.0,30m,10120000,8.4517,-282.77,0.33990000000000004,30.0,10.0,25.36076698363964
pulaski_30_10,41.0,20m,14050000,19.348,209.48,0.4921,30.0,10.0,25.36076698363964
pulaski_30_10,41.0,17m,18080000,69.034,1017.1,0.6015,30.0,10.0,25.36076698363964
pulaski_30_10,41.0,15m,21050000,559.99,3507.0,0.6655,30.0,10.0,25.36076698363964
pulaski_30_10,41.0,12m,24910000,320.93,-2689.0,0.7295999999999999,30.0,10.0,25.36076698363964
pulaski_30_10,41.0,10m,28050000,71.921,-1049.9,0.7556999999999999,30.0,10.0,25.36076698363964
pulaski_30_10,41.5,40m,7050000,5.4501,-731.25,0.2645,30.0,10.0,30.903386861889064
pulaski_30_10,41.5,30m,10120000,10.105,-262.68,0.43170000000000003,30.0,10.0,30.903386861889064
pulaski_30_10,41.5,20m,14050000,25.107,247.42,0.5884,30.0,10.0,30.903386861889064
pulaski_30_10,41.5,17m,18080000,100.02,1134.2,0.6898000000000001,30.0,10.0,30.903386861889064
pulaski_30_10,41.5,15m,21050000,1106.5,4365.8,0.7445,30.0,10.0,30.903386861889064
pulaski_30_10,41.5,12m,24910000,315.92,-2333.3,0.7944,30.0,10.0,30.903386861889064
pulaski_30_10,41.5,10m,28050000,84.423,-969.51,0.8114,30.0,10.0,30.903386861889064
pulaski_30_10,42.0,40m,7050000,6.0289,-714.66,0.32170000000000004,30.0,10.0,35.50558032389337
pulaski_30_10,42.0,30m,10120000,11.799,-242.35,0.49979999999999997,30.0,10.0,35.50558032389337
pulaski_30_10,42.0,20m,14050000,31.229,283.34,0.6527,30.0,10.0,35.50558032389337
pulaski_30_10,42.0,17m,18080000,136.97,1250.6,0.7447,30.0,10.0,35.50558032389337
pulaski_30_10,42.0,15m,21050000,2134.0,5372.6,0.7913,30.0,10.0,35.50558032389337
pulaski_30_10,42.0,12m,24910000,305.4,-2070.2,0.8309000000000001,30.0,10.0,35.50558032389337
pulaski_30_10,42.0,10m,28050000,93.118,-897.55,0.8418000000000001,30.0,10.0,35.50558032389337
pulaski_30_10,42.5,40m,7050000,6.6154,-697.21,0.36979999999999996,30.0,10.0,39.49984559128514
pulaski_30_10,42.5,30m,10120000,13.537,-222.14,0.5524,30.0,10.0,39.49984559128514
pulaski_30_10,42.5,20m,14050000,37.748,318.28,0.6987000000000001,30.0,10.0,39.49984559128514
pulaski_30_10,42.5,17m,18080000,181.25,1370.7,0.782,30.0,10.0,39.49984559128514
pulaski_30_10,42.5,15m,21050000,4107.7,6309.1,0.8223,30.0,10.0,39.49984559128514
pulaski_30_10,42.5,12m,24910000,292.94,-1864.2,0.8541,30.0,10.0,39.49984559128514
pulaski_30_10,42.5,10m,28050000,99.179,-832.66,0.8604999999999999,30.0,10.0,39.49984559128514
pulaski_30_10,43.0,40m,7050000,7.2096,-679.51,0.4108,30.0,10.0,43.05780881114396
pulaski_30_10,43.0,30m,10120000,15.321,-202.16,0.5941,30.0,10.0,43.05780881114396
pulaski_30_10,43.0,20m,14050000,44.699,352.79,0.7332,30.0,10.0,43.05780881114396
pulaski_30_10,43.0,17m,18080000,234.64,1497.3,0.809,30.0,10.0,43.05780881114396
pulaski_30_10,43.0,15m,21050000,7492.6,6079.2,0.8442000000000001,30.0,10.0,43.05780881114396
pulaski_30_10,43.0,12m,24910000,279.84,-1696.9,0.8698999999999999,30.0,10.0,43.05780881114396
pulaski_30_10,43.0,10m,28050000,103.37,-773.5,0.8729,30.0,10.0,43.05780881114396
pulaski_30_10,43.5,40m,7050000,7.8117,-661.82,0.4462,30.0,10.0,46.28208205341879
pulaski_30_10,43.5,30m,10120000,17.155,-182.43,0.6281,30.0,10.0,46.28208205341879
pulaski_30_10,43.5,20m,14050000,52.121,387.19,0.76,30.0,10.0,46.28208205341879
pulaski_30_10,43.5,17m,18080000,299.44,1632.3,0.8294,30.0,10.0,46.28208205341879
pulaski_30_10,43.5,15m,21050000,10707.0,2650.1,0.8604,30.0,10.0,46.28208205341879
pulaski_30_10,43.5,12m,24910000,266.95,-1557.0,0.8812000000000001,30.0,10.0,46.28208205341879
pulaski_30_10,43.5,10m,28050000,106.19,-719.02,0.8813,30.0,10.0,46.28208205341879
pulaski_30_10,44.0,40m,7050000,8.4223,-644.27,0.4771,30.0,10.0,49.23995465731421
pulaski_30_10,44.0,30m,10120000,19.04,-162.92,0.6564,30.0,10.0,49.23995465731421
pulaski_30_10,44.0,20m,14050000,60.059,421.7,0.7815000000000001,30.0,10.0,49.23995465731421
pulaski_30_10,44.0,17m,18080000,378.71,1777.6,0.8453,30.0,10.0,49.23995465731421
pulaski_30_10,44.0,15m,21050000,10074.0,-2101.7,0.8728,30.0,10.0,49.23995465731421
pulaski_30_10,44.0,12m,24910000,254.53,-1437.5,0.8895000000000001,30.0,10.0,49.23995465731421
pulaski_30_10,44.0,10m,28050000,108.01,-668.37,0.8872,30.0,10.0,49.23995465731421
pulaski_30_10,44.5,40m,7050000,9.0411,-626.91,0.5042,30.0,10.0,51.978467167666025
pulaski_30_10,44.5,30m,10120000,20.979,-143.63,0.6801999999999999,30.0,10.0,51.978467167666025
pulaski_30_10,44.5,20m,14050000,68.558,456.5,0.7990999999999999,30.0,10.0,51.978467167666025
pulaski_30_10,44.5,17m,18080000,476.45,1934.5,0.8581,30.0,10.0,51.978467167666025
pulaski_30_10,44.5,15m,21050000,7286.5,-4290.8,0.8826,30.0,10.0,51.978467167666025
pulaski_30_10,44.5,12m,24910000,242.69,-1333.5,0.8956999999999999,30.0,10.0,51.978467167666025
pulaski_30_10,44.5,10m,28050000,109.1,-620.85,0.8913,30.0,10.0,51.978467167666025
pulaski_30_10,45.0,40m,7050000,9.6684,-609.76,0.5282,30.0,10.0,54.53208890146564
pulaski_30_10,45.0,30m,10120000,22.975,-124.52,0.7006,30.0,10.0,54.53208890146564
pulaski_30_10,45.0,20m,14050000,77.671,491.71,0.8138,30.0,10.0,54.53208890146564
pulaski_30_10,45.0,17m,18080000,598.05,2104.2,0.8686,30.0,10.0,54.53208890146564
pulaski_30_10,45.0,15m,21050000,5027.8,-4592.9,0.8904000000000001,30.0,10.0,54.53208890146564
pulaski_30_10,45.0,12m,24910000,231.55,-1241.7,0.9005,30.0,10.0,54.53208890146564
pulaski_30_10,45.0,10m,28050000,109.63,-575.94,0.8941,30.0,10.0,54.53208890146564
pulaski_30_10,45.5,40m,7050000,10.305,-592.87,0.5497,30.0,10.0,56.92700646382278
pulaski_30_10,45.5,30m,10120000,25.029,-105.58,0.7182,30.0,10.0,56.92700646382278
pulaski_30_10,45.5,20m,14050000,87.46,527.47,0.8262,30.0,10.0,56.92700646382278
pulaski_30_10,45.5,17m,18080000,750.7,2287.5,0.8773000000000001,30.0,10.0,56.92700646382278
pulaski_30_10,45.5,15m,21050000,3587.3,-4290.5,0.8968,30.0,10.0,56.92700646382278
pulaski_30_10,45.5,12m,24910000,221.09,-1159.6,0.904,30.0,10.0,56.92700646382278
pulaski_30_10,45.5,10m,28050000,109.76,-533.2,0.8959,30.0,10.0,56.92700646382278
pulaski_30_10,46.0,40m,7050000,10.95,-576.23,0.5689,30.0,10.0,59.18369158790147
pulaski_30_10,46.0,30m,10120000,27.146,-86.788,0.7337,30.0,10.0,59.18369158790147
pulaski_30_10,46.0,20m,14050000,97.992,563.9,0.8369,30.0,10.0,59.18369158790147
pulaski_30_10,46.0,17m,18080000,944.08,2483.6,0.8845999999999999,30.0,10.0,59.18369158790147
pulaski_30_10,46.0,15m,21050000,2678.9,-3873.3,0.902,30.0,10.0,59.18369158790147
pulaski_30_10,46.0,12m,24910000,211.27,-1085.4,0.9067000000000001,30.0,10.0,59.18369158790147
pulaski_30_10,46.0,10m,28050000,109.62,-492.25,0.8969,30.0,10.0,59.18369158790147
pulaski_30_10,46.5,40m,7050000,11.605,-559.83,0.5863,30.0,10.0,61.31852461070007
pulaski_30_10,46.5,30m,10120000,29.328,-68.121,0.7473000000000001,30.0,10.0,61.31852461070007
pulaski_30_10,46.5,20m,14050000,109.34,601.09,0.8461,30.0,10.0,61.31852461070007
pulaski_30_10,46.5,17m,18080000,1191.0,2689.5,0.8908,30.0,10.0,61.31852461070007
pulaski_30_10,46.5,15m,21050000,2083.2,-3478.1,0.9063,30.0,10.0,61.31852461070007
pulaski_30_10,46.5,12m,24910000,202.09,-1017.7,0.9086,30.0,10.0,61.31852461070007
pulaski_30_10,46.5,10m,28050000,109.28,-452.78,0.8973,30.0,10.0,61.31852461070007
pulaski_30_10,47.0,40m,7050000,12.27,-543.67,0.6021,30.0,10.0,63.34486685283321
pulaski_30_10,47.0,30m,10120000,31.577,-49.559,0.7593000000000001,30.0,10.0,63.34486685283321
pulaski_30_10,47.0,20m,14050000,121.59,639.14,0.8542000000000001,30.0,10.0,63.34486685283321
pulaski_30_10,47.0,17m,18080000,1508.2,2897.6,0.8962,30.0,10.0,63.34486685283321
pulaski_30_10,47.0,15m,21050000,1674.2,-3134.2,0.9098999999999999,30.0,10.0,63.34486685283321
pulaski_30_10,47.0,12m,24910000,193.5,-955.39,0.9098999999999999,30.0,10.0,63.34486685283321
pulaski_30_10,47.0,10m,28050000,108.83,-414.53,0.8972,30.0,10.0,63.34486685283321
pulaski_30_10,47.5,40m,7050000,12.945,-527.75,0.6164999999999999,30.0,10.0,65.27379500710747
pulaski_30_10,47.5,30m,10120000,33.898,-31.084,0.7701,30.0,10.0,65.27379500710747
pulaski_30_10,47.5,20m,14050000,134.83,678.17,0.8613,30.0,10.0,65.27379500710747
pulaski_30_10,47.5,17m,18080000,1916.4,3092.0,0.9007999999999999,30.0,10.0,65.27379500710747
pulaski_30_10,47.5,15m,21050000,1381.4,-2841.6,0.9129,30.0,10.0,65.27379500710747
pulaski_30_10,47.5,12m,24910000,185.47,-897.64,0.9107,30.0,10.0,65.27379500710747
pulaski_30_10,47.5,10m,28050000,108.35,-377.26,0.8966,30.0,10.0,65.27379500710747
pulaski_30_10,48.0,40m,7050000,13.63,-512.05,0.6297,30.0,10.0,67.11461952384143
pulaski_30_10,48.0,30m,10120000,36.293,-12.678,0.7798999999999999,30.0,10.0,67.11461952384143
pulaski_30_10,48.0,20m,14050000,149.17,718.27,0.8676,30.0,10.0,67.11461952384143
pulaski_30_10,48.0,17m,18080000,2438.2,3242.9,0.9048,30.0,10.0,67.11461952384143
pulaski_30_10,48.0,15m,21050000,1164.1,-2592.7,0.9154000000000001,30.0,10.0,67.11461952384143
pulaski_30_10,48.0,12m,24910000,177.96,-843.72,0.9111,30.0,10.0,67.11461952384143
pulaski_30_10,48.0,10m,28050000,107.87,-340.77,0.8956999999999999,30.0,10.0,67.11461952384143
pulaski_30_10,48.5,40m,7050000,14.325,-496.58,0.6418,30.0,10.0,68.87526008137304
pulaski_30_10,48.5,30m,10120000,38.766,5.6757,0.7887000000000001,30.0,10.0,68.87526008137304
pulaski_30_10,48.5,20m,14050000,164.74,759.55,0.8732,30.0,10.0,68.87526008137304
pulaski_30_10,48.5,17m,18080000,3090.9,3298.4,0.9084,30.0,10.0,68.87526008137304
pulaski_30_10,48.5,15m,21050000,997.88,-2379.7,0.9174,30.0,10.0,68.87526008137304
pulaski_30_10,48.5,12m,24910000,170.95,-793.07,0.9111,30.0,10.0,68.87526008137304
pulaski_30_10,48.5,10m,28050000,107.47,-304.87,0.8945000000000001,30.0,10.0,68.87526008137304
pulaski_30_10,49.0,40m,7050000,15.032,-481.31,0.653,30.0,10.0,70.56252365453206
pulaski_30_10,49.0,30m,10120000,41.321,23.993,0.7966,30.0,10.0,70.56252365453206
pulaski_30_10,49.0,20m,14050000,181.67,802.11,0.8783,30.0,10.0,70.56252365453206
pulaski_30_10,49.0,17m,18080000,3868.9,3179.2,0.9114,30.0,10.0,70.56252365453206
pulaski_30_10,49.0,15m,21050000,867.51,-2195.7,0.9190999999999999,30.0,10.0,70.56252365453206
pulaski_30_10,49.0,12m,24910000,164.42,-745.21,0.9107999999999999,30.0,10.0,70.56252365453206
pulaski_30_10,49.0,10m,28050000,107.17,-269.39,0.893,30.0,10.0,70.56252365453206
pulaski_30_10,49.5,40m,7050000,15.749,-466.25,0.6634,30.0,10.0,72.18231447551639
pulaski_30_10,49.5,30m,10120000,43.961,42.29,0.8039000000000001,30.0,10.0,72.18231447551639
pulaski_30_10,49.5,20m,14050000,200.11,846.07,0.8828,30.0,10.0,72.18231447551639
pulaski_30_10,49.5,17m,18080000,4713.2,2787.2,0.9140999999999999,30.0,10.0,72.18231447551639
pulaski_30_10,49.5,15m,21050000,763.01,-2035.4,0.9205,30.0,10.0,72.18231447551639
pulaski_30_10,49.5,12m,24910000,158.34,-699.76,0.9102,30.0,10.0,72.18231447551639
pulaski_30_10,49.5,10m,28050000,107.04,-234.19,0.8913,30.0,10.0,72.18231447551639
pulaski_30_10,50.0,40m,7050000,16.478,-451.38,0.6729999999999999,30.0,10.0,73.73979529168804
pulaski_30_10,50.0,30m,10120000,46.691,60.581,0.8106,30.0,10.0,73.73979529168804
pulaski_30_10,50.0,20m,14050000,220.25,891.56,0.887,30.0,10.0,73.73979529168804
pulaski_30_10,50.0,17m,18080000,5482.7,2050.2,0.9165000000000001,30.0,10.0,73.73979529168804
pulaski_30_10,50.0,15m,21050000,677.7,-1894.4,0.9215000000000001,30.0,10.0,73.73979529168804
pulaski_30_10,50.0,12m,24910000,152.67,-656.39,0.9093000000000001,30.0,10.0,73.73979529168804
pulaski_30_10,50.0,10m,28050000,107.12,-199.09,0.8894,30.0,10.0,73.73979529168804
pulaski_30_10,50.5,40m,7050000,17.218,-436.7,0.6819,30.0,10.0,75.23951310117475
pulaski_30_10,50.5,30m,10120000,49.515,78.882,0.8168000000000001,30.0,10.0,75.23951310117475
pulaski_30_10,50.5,20m,14050000,242.3,938.68,0.8906999999999999,30.0,10.0,75.23951310117475
pulaski_30_10,50.5,17m,18080000,5975.7,1002.9,0.9186,30.0,10.0,75.23951310117475
pulaski_30_10,50.5,15m,21050000,606.97,-1769.2,0.9223,30.0,10.0,75.23951310117475
pulaski_30_10,50.5,12m,24910000,147.42,-614.79,0.9081999999999999,30.0,10.0,75.23951310117475
pulaski_30_10,50.5,10m,28050000,107.46,-163.98,0.8874,30.0,10.0,75.23951310117475
pulaski_30_10,51.0,40m,7050000,17.971,-422.19,0.6903,30.0,10.0,76.68549852093558
pulaski_30_10,51.0,30m,10120000,52.438,97.206,0.8225,30.0,10.0,76.68549852093558
pulaski_30_10,51.0,20m,14050000,266.48,987.57,0.8942,30.0,10.0,76.68549852093558
pulaski_30_10,51.0,17m,18080000,6039.4,-171.19,0.9205,30.0,10.0,76.68549852093558
pulaski_30_10,51.0,15m,21050000,547.51,-1657.2,0.9229,30.0,10.0,76.68549852093558
pulaski_30_10,51.0,12m,24910000,142.56,-574.74,0.9068,30.0,10.0,76.68549852093558
pulaski_30_10,51.0,10m,28050000,108.11,-128.7,0.8854000000000001,30.0,10.0,76.68549852093558
pulaski_30_10,51.5,40m,7050000,18.735,-407.85,0.6981,30.0,10.0,78.08134527271805
pulaski_30_10,51.5,30m,10120000,55.464,115.57,0.8277,30.0,10.0,78.08134527271805
pulaski_30_10,51.5,20m,14050000,293.07,1038.4,0.8973,30.0,10.0,78.08134527271805
pulaski_30_10,51.5,17m,18080000,5684.7,-1226.5,0.9220999999999999,30.0,10.0,78.08134527271805
pulaski_30_10,51.5,15m,21050000,496.94,-1556.3,0.9231999999999999,30.0,10.0,78.08134527271805
pulaski_30_10,51.5,12m,24910000,138.08,-536.01,0.9052,30.0,10.0,78.08134527271805
pulaski_30_10,51.5,10m,28050000,109.12,-93.12,0.8834000000000001,30.0,10.0,78.08134527271805
pulaski_30_10,52.0,40m,7050000,19.513,-393.68,0.7055,30.0,10.0,79.43027446365242
pulaski_30_10,52.0,30m,10120000,58.599,133.98,0.8326,30.0,10.0,79.43027446365242
pulaski_30_10,52.0,20m,14050000,322.38,1091.2,0.9002,30.0,10.0,79.43027446365242
pulaski_30_10,52.0,17m,18080000,5066.5,-2003.1,0.9235,30.0,10.0,79.43027446365242
pulaski_30_10,52.0,15m,21050000,453.49,-1464.6,0.9233,30.0,10.0,79.43027446365242
pulaski_30_10,52.0,12m,24910000,133.98,-498.42,0.9035,30.0,10.0,79.43027446365242
pulaski_30_10,52.0,10m,28050000,110.54,-57.104,0.8813,30.0,10.0,79.43027446365242
pulaski_30_10,52.5,40m,7050000,20.303,-379.65,0.7123999999999999,30.0,10.0,80.73518708837112
pulaski_30_10,52.5,30m,10120000,61.848,152.46,0.8371999999999999,30.0,10.0,80.73518708837112
pulaski_30_10,52.5,20m,14050000,354.77,1146.2,0.9028,30.0,10.0,80.73518708837112
pulaski_30_10,52.5,17m,18080000,4363.1,-2478.4,0.9247,30.0,10.0,80.73518708837112
pulaski_30_10,52.5,15m,21050000,415.82,-1380.8,0.9231999999999999,30.0,10.0,80.73518708837112
pulaski_30_10,52.5,12m,24910000,130.24,-461.81,0.9015000000000001,30.0,10.0,80.73518708837112
pulaski_30_10,52.5,10m,28050000,112.45,-20.508,0.8794,30.0,10.0,80.73518708837112
pulaski_30_10,53.0,40m,7050000,21.106,-365.78,0.7188,30.0,10.0,81.99870730040935
pulaski_30_10,53.0,30m,10120000,65.217,171.02,0.8414,30.0,10.0,81.99870730040935
pulaski_30_10,53.0,20m,14050000,390.68,1203.5,0.9052,30.0,10.0,81.99870730040935
pulaski_30_10,53.0,17m,18080000,3693.8,-2712.8,0.9257,30.0,10.0,81.99870730040935
pulaski_30_10,53.0,15m,21050000,382.91,-1303.9,0.9229999999999999,30.0,10.0,81.99870730040935
pulaski_30_10,53.0,12m,24910000,126.87,-426.03,0.8994,30.0,10.0,81.99870730040935
pulaski_30_10,53.0,10m,28050000,114.92,16.817,0.8775,30.0,10.0,81.99870730040935
pulaski_30_10,53.5,40m,7050000,21.923,-352.04,0.725,30.0,10.0,83.22321837223863
pulaski_30_10,53.5,30m,10120000,68.713,189.67,0.8454,30.0,10.0,83.22321837223863
pulaski_30_10,53.5,20m,14050000,430.58,1263.2,0.9075,30.0,10.0,83.22321837223863
pulaski_30_10,53.5,17m,18080000,3110.9,-2784.8,0.9266,30.0,10.0,83.22321837223863
pulaski_30_10,53.5,15m,21050000,353.93,-1232.7,0.9226000000000001,30.0,10.0,83.22321837223863
pulaski_30_10,53.5,12m,24910000,123.87,-390.93,0.8972,30.0,10.0,83.22321837223863
pulaski_30_10,53.5,10m,28050000,118.02,55.024,0.8759,30.0,10.0,83.22321837223863
pulaski_30_10,54.0,40m,7050000,22.755,-338.44,0.7308,30.0,10.0,84.41089280746459
pulaski_30_10,54.0,30m,10120000,72.341,208.43,0.8491,30.0,10.0,84.41089280746459
pulaski_30_10,54.0,20m,14050000,475.06,1325.5,0.9095,30.0,10.0,84.41089280746459
pulaski_30_10,54.0,17m,18080000,2625.0,-2758.3,0.9273,30.0,10.0,84.41089280746459
pulaski_30_10,54.0,15m,21050000,328.28,-1166.7,0.922,30.0,10.0,84.41089280746459
pulaski_30_10,54.0,12m,24910000,121.23,-356.39,0.8948999999999999,30.0,10.0,84.41089280746459
pulaski_30_10,54.0,10m,28050000,121.86,94.278,0.8744,30.0,10.0,84.41089280746459
pulaski_30_10,54.5,40m,7050000,23.6,-324.96,0.7362000000000001,30.0,10.0,85.56371773360648
pulaski_30_10,54.5,30m,10120000,76.109,227.31,0.8526,30.0,10.0,85.56371773360648
pulaski_30_10,54.5,20m,14050000,524.79,1390.4,0.9115000000000001,30.0,10.0,85.56371773360648
pulaski_30_10,54.5,17m,18080000,2227.7,-2676.8,0.9279000000000001,30.0,10.0,85.56371773360648
pulaski_30_10,54.5,15m,21050000,305.44,-1105.0,0.9212,30.0,10.0,85.56371773360648
pulaski_30_10,54.5,12m,24910000,118.96,-322.29,0.8925,30.0,10.0,85.56371773360648
pulaski_30_10,54.5,10m,28050000,126.56,134.76,0.8732,30.0,10.0,85.56371773360648
pulaski_30_10,55.0,40m,7050000,24.46,-311.61,0.7414000000000001,30.0,10.0,86.68351645444477
pulaski_30_10,55.0,30m,10120000,80.024,246.32,0.8559,30.0,10.0,86.68351645444477
pulaski_30_10,55.0,20m,14050000,580.55,1458.0,0.9131999999999999,30.0,10.0,86.68351645444477
pulaski_30_10,55.0,17m,18080000,1904.6,-2567.7,0.9284,30.0,10.0,86.68351645444477
pulaski_30_10,55.0,15m,21050000,285.02,-1047.2,0.9203,30.0,10.0,86.68351645444477
pulaski_30_10,55.0,12m,24910000,117.07,-288.53,0.8901,30.0,10.0,86.68351645444477
pulaski_30_10,55.0,10m,28050000,132.25,176.67,0.8723000000000001,30.0,10.0,86.68351645444477
pulaski_30_10,55.5,40m,7050000,25.335,-298.37,0.7464,30.0,10.0,87.7719668531322
pulaski_30_10,55.5,30m,10120000,84.095,265.48,0.8590000000000001,30.0,10.0,87.7719668531322
pulaski_30_10,55.5,20m,14050000,643.28,1528.4,0.9148999999999999,30.0,10.0,87.7719668531322
pulaski_30_10,55.5,17m,18080000,1641.6,-2447.0,0.9287000000000001,30.0,10.0,87.7719668531322
pulaski_30_10,55.5,15m,21050000,266.67,-992.78,0.9192,30.0,10.0,87.7719668531322
pulaski_30_10,55.5,12m,24910000,115.56,-254.99,0.8876000000000001,30.0,10.0,87.7719668531322
pulaski_30_10,55.5,10m,28050000,139.08,220.22,0.8715999999999999,30.0,10.0,87.7719668531322
pulaski_30_10,56.0,40m,7050000,26.226,-285.24,0.7511,30.0,10.0,88.83061719438594
pulaski_30_10,56.0,30m,10120000,88.329,284.81,0.8619,30.0,10.0,88.83061719438594
pulaski_30_10,56.0,20m,14050000,714.06,1601.4,0.9164,30.0,10.0,88.83061719438594
pulaski_30_10,56.0,17m,18080000,1426.2,-2323.8,0.9289000000000001,30.0,10.0,88.83061719438594
pulaski_30_10,56.0,15m,21050000,250.12,-941.36,0.9179,30.0,10.0,88.83061719438594
pulaski_30_10,56.0,12m,24910000,114.45,-221.59,0.8852,30.0,10.0,88.83061719438594
pulaski_30_10,56.0,10m,28050000,147.26,265.64,0.8714,30.0,10.0,88.83061719438594
pulaski_30_10,56.5,40m,7050000,27.133,-272.21,0.7555,30.0,10.0,89.86089976429649
pulaski_30_10,56.5,30m,10120000,92.737,304.31,0.8647,30.0,10.0,89.86089976429649
pulaski_30_10,56.5,20m,14050000,794.18,1676.9,0.9178000000000001,30.0,10.0,89.86089976429649
pulaski_30_10,56.5,17m,18080000,1248.5,-2203.1,0.929,30.0,10.0,89.86089976429649
pulaski_30_10,56.5,15m,21050000,235.16,-892.59,0.9165000000000001,30.0,10.0,89.86089976429649
pulaski_30_10,56.5,12m,24910000,113.76,-188.22,0.8826999999999999,30.0,10.0,89.86089976429649
pulaski_30_10,56.5,10m,28050000,157.02,313.2,0.8714,30.0,10.0,89.86089976429649
pulaski_30_10,57.0,40m,7050000,28.056,-259.28,0.7598,30.0,10.0,90.8641427011663
pulaski_30_10,57.0,30m,10120000,97.327,324.01,0.8673000000000001,30.0,10.0,90.8641427011663
pulaski_30_10,57.0,20m,14050000,885.13,1754.6,0.9190999999999999,30.0,10.0,90.8641427011663
pulaski_30_10,57.0,17m,18080000,1100.8,-2087.5,0.929,30.0,10.0,90.8641427011663
pulaski_30_10,57.0,15m,21050000,221.59,-846.19,0.915,30.0,10.0,90.8641427011663
pulaski_30_10,57.0,12m,24910000,113.51,-154.79,0.8804000000000001,30.0,10.0,90.8641427011663
pulaski_30_10,57.0,10m,28050000,168.65,363.21,0.8718,30.0,10.0,90.8641427011663
pulaski_30_10,57.5,40m,7050000,28.995,-246.45,0.7637999999999999,30.0,10.0,91.84158030422495
pulaski_30_10,57.5,30m,10120000,102.11,343.92,0.8698,30.0,10.0,91.84158030422495
pulaski_30_10,57.5,20m,14050000,988.67,1833.8,0.9203,30.0,10.0,91.84158030422495
pulaski_30_10,57.5,17m,18080000,976.94,-1978.2,0.9288,30.0,10.0,91.84158030422495
pulaski_30_10,57.5,15m,21050000,209.26,-801.87,0.9133,30.0,10.0,91.84158030422495
pulaski_30_10,57.5,12m,24910000,113.71,-121.21,0.8782,30.0,10.0,91.84158030422495
pulaski_30_10,57.5,10m,28050000,182.5,415.99,0.8725,30.0,10.0,91.84158030422495
pulaski_30_10,58.0,40m,7050000,29.952,-233.7,0.7676999999999999,30.0,10.0,92.79436205459275
pulaski_30_10,58.0,30m,10120000,107.1,364.06,0.8721,30.0,10.0,92.79436205459275
pulaski_30_10,58.0,20m,14050000,1106.8,1913.7,0.9214,30.0,10.0,92.79436205459275
pulaski_30_10,58.0,17m,18080000,872.22,-1875.5,0.9286,30.0,10.0,92.79436205459275
pulaski_30_10,58.0,15m,21050000,198.02,-759.43,0.9114,30.0,10.0,92.79436205459275
pulaski_30_10,58.0,12m,24910000,114.41,-87.386,0.8761,30.0,10.0,92.79436205459275
pulaski_30_10,58.0,10m,28050000,199.02,471.92,0.8734999999999999,30.0,10.0,92.79436205459275
pulaski_30_10,58.5,40m,7050000,30.927,-221.03,0.7714,30.0,10.0,93.72356054119413
pulaski_30_10,58.5,30m,10120000,112.3,384.43,0.8744,30.0,10.0,93.72356054119413
pulaski_30_10,58.5,20m,14050000,1242.0,1992.9,0.9224,30.0,10.0,93.72356054119413
pulaski_30_10,58.5,17m,18080000,782.99,-1779.4,0.9281999999999999,30.0,10.0,93.72356054119413
pulaski_30_10,58.5,15m,21050000,187.78,-718.65,0.9094,30.0,10.0,93.72356054119413
pulaski_30_10,58.5,12m,24910000,115.62,-53.214,0.8742,30.0,10.0,93.72356054119413
pulaski_30_10,58.5,10m,28050000,218.76,531.42,0.8748,30.0,10.0,93.72356054119413
pulaski_30_10,59.0,40m,7050000,31.92,-208.44,0.775,30.0,10.0,94.6301784509914
pulaski_30_10,59.0,30m,10120000,117.73,405.07,0.8765000000000001,30.0,10.0,94.6301784509914
pulaski_30_10,59.0,20m,14050000,1396.6,2069.4,0.9234,30.0,10.0,94.6301784509914
pulaski_30_10,59.0,17m,18080000,706.4,-1689.6,0.9278,30.0,10.0,94.6301784509914
pulaski_30_10,59.0,15m,21050000,178.44,-679.37,0.9073,30.0,10.0,94.6301784509914
pulaski_30_10,59.0,12m,24910000,117.41,-18.6,0.8725,30.0,10.0,94.6301784509914
pulaski_30_10,59.0,10m,28050000,242.41,594.98,0.8763,30.0,10.0,94.6301784509914
pulaski_30_10,59.5,40m,7050000,32.931,-195.93,0.7784,30.0,10.0,95.5151547560791
pulaski_30_10,59.5,30m,10120000,123.41,425.98,0.8785,30.0,10.0,95.5151547560791
pulaski_30_10,59.5,20m,14050000,1573.8,2140.4,0.9243000000000001,30.0,10.0,95.5151547560791
pulaski_30_10,59.5,17m,18080000,640.2,-1605.6,0.9272,30.0,10.0,95.5151547560791
pulaski_30_10,59.5,15m,21050000,169.9,-641.43,0.905,30.0,10.0,95.5151547560791
pulaski_30_10,59.5,12m,24910000,119.81,16.56,0.8711,30.0,10.0,95.5151547560791
pulaski_30_10,59.5,10m,28050000,270.88,663.12,0.878,30.0,10.0,95.5151547560791
pulaski_30_10,60.0,40m,7050000,33.962,-183.48,0.7817000000000001,30.0,10.0,96.37937020844281
pulaski_30_10,60.0,30m,10120000,129.34,447.18,0.8804000000000001,30.0,10.0,96.37937020844281
pulaski_30_10,60.0,20m,14050000,1776.2,2201.8,0.9251,30.0,10.0,96.37937020844281
pulaski_30_10,60.0,17m,18080000,582.62,-1527.1,0.9265000000000001,30.0,10.0,96.37937020844281
pulaski_30_10,60.0,15m,21050000,162.1,-604.67,0.9026000000000001,30.0,10.0,96.37937020844281
pulaski_30_10,60.0,12m,24910000,122.89,52.374,0.8698999999999999,30.0,10.0,96.37937020844281
pulaski_30_10,60.0,10m,28050000,305.31,736.43,0.8798999999999999,30.0,10.0,96.37937020844281
pulaski_30_10,60.5,40m,7050000,35.012,-171.1,0.7848,30.0,10.0,97.22365223547246
pulaski_30_10,60.5,30m,10120000,135.54,468.7,0.8822,30.0,10.0,97.22365223547246
pulaski_30_10,60.5,20m,14050000,2006.9,2248.1,0.9258,30.0,10.0,97.22365223547246
pulaski_30_10,60.5,17m,18080000,532.23,-1453.5,0.9257,30.0,10.0,97.22365223547246
pulaski_30_10,60.5,15m,21050000,154.95,-568.99,0.9,30.0,10.0,97.22365223547246
pulaski_30_10,60.5,12m,24910000,126.7,88.952,0.8690000000000001,30.0,10.0,97.22365223547246
pulaski_30_10,60.5,10m,28050000,347.19,815.52,0.882,30.0,10.0,97.22365223547246
pulaski_30_10,61.0,40m,7050000,36.082,-158.77,0.7878000000000001,30.0,10.0,98.0487793148091
pulaski_30_10,61.0,30m,10120000,142.04,490.55,0.884,30.0,10.0,98.0487793148091
pulaski_30_10,61.0,20m,14050000,2267.7,2271.8,0.9264,30.0,10.0,98.0487793148091
pulaski_30_10,61.0,17m,18080000,487.89,-1384.4,0.9248000000000001,30.0,10.0,98.0487793148091
pulaski_30_10,61.0,15m,21050000,148.4,-534.27,0.8972,30.0,10.0,98.0487793148091
pulaski_30_10,61.0,12m,24910000,131.33,126.42,0.8684999999999999,30.0,10.0,98.0487793148091
pulaski_30_10,61.0,10m,28050000,398.5,901.03,0.8841,30.0,10.0,98.0487793148091
pulaski_30_10,61.5,40m,7050000,37.173,-146.5,0.7907,30.0,10.0,98.85548489514538
pulaski_30_10,61.5,30m,10120000,148.85,512.76,0.8856999999999999,30.0,10.0,98.85548489514538
pulaski_30_10,61.5,20m,14050000,2559.4,2263.3,0.927,30.0,10.0,98.85548489514538
pulaski_30_10,61.5,17m,18080000,448.68,-1319.4,0.9238,30.0,10.0,98.85548489514538
pulaski_30_10,61.5,15m,21050000,142.28,-500.46,0.8943000000000001,30.0,10.0,98.85548489514538
pulaski_30_10,61.5,12m,24910000,136.87,164.91,0.8682,30.0,10.0,98.85548489514538
pulaski_30_10,61.5,10m,28050000,461.82,993.52,0.8862000000000001,30.0,10.0,98.85548489514538
pulaski_30_10,62.0,40m,7050000,38.286,-134.29,0.7935,30.0,10.0,99.64446091970422
pulaski_30_10,62.0,30m,10120000,155.98,535.34,0.8872,30.0,10.0,99.64446091970422
pulaski_30_10,62.0,20m,14050000,2879.9,2210.7,0.9276000000000001,30.0,10.0,99.64446091970422
pulaski_30_10,62.0,17m,18080000,413.85,-1258.1,0.9227,30.0,10.0,99.64446091970422
pulaski_30_10,62.0,15m,21050000,136.96,-467.28,0.8914,30.0,10.0,99.64446091970422
pulaski_30_10,62.0,12m,24910000,143.44,204.55,0.8682,30.0,10.0,99.64446091970422
pulaski_30_10,62.0,10m,28050000,540.62,1093.4,0.8884000000000001,30.0,10.0,99.64446091970422
pulaski_30_10,62.5,40m,7050000,39.42,-122.11,0.7962,30.0,10.0,100.41636100088553
pulaski_30_10,62.5,30m,10120000,163.47,558.31,0.8887999999999999,30.0,10.0,100.41636100088553
pulaski_30_10,62.5,20m,14050000,3223.0,2100.5,0.9279999999999999,30.0,10.0,100.41636100088553
pulaski_30_10,62.5,17m,18080000,382.77,-1200.3,0.9215000000000001,30.0,10.0,100.41636100088553
pulaski_30_10,62.5,15m,21050000,132.17,-434.76,0.8884000000000001,30.0,10.0,100.41636100088553
pulaski_30_10,62.5,12m,24910000,151.16,245.51,0.8684999999999999,30.0,10.0,100.41636100088553
pulaski_30_10,62.5,10m,28050000,639.5,1200.5,0.8905,30.0,10.0,100.41636100088553
pulaski_30_10,63.0,40m,7050000,40.577,-109.99,0.7988,30.0,10.0,101.17180328769118
pulaski_30_10,63.0,30m,10120000,171.33,581.71,0.8902,30.0,10.0,101.17180328769118
pulaski_30_10,63.0,20m,14050000,3576.4,1918.8,0.9284,30.0,10.0,101.17180328769118
pulaski_30_10,63.0,17m,18080000,354.94,-1145.5,0.9201,30.0,10.0,101.17180328769118
pulaski_30_10,63.0,15m,21050000,127.88,-402.81,0.8854000000000001,30.0,10.0,101.17180328769118
pulaski_30_10,63.0,12m,24910000,160.19,287.94,0.8691,30.0,10.0,101.17180328769118
pulaski_30_10,63.0,10m,28050000,764.71,1313.9,0.8926999999999999,30.0,10.0,101.17180328769118
pulaski_30_10,63.5,40m,7050000,41.757,-97.896,0.8012999999999999,30.0,10.0,101.91137306176527
pulaski_30_10,63.5,30m,10120000,179.59,605.54,0.8916,30.0,10.0,101.91137306176527
pulaski_30_10,63.5,20m,14050000,3920.8,1654.2,0.9288,30.0,10.0,101.91137306176527
pulaski_30_10,63.5,17m,18080000,329.92,-1093.5,0.9186,30.0,10.0,101.91137306176527
pulaski_30_10,63.5,15m,21050000,124.06,-371.36,0.8823000000000001,30.0,10.0,101.91137306176527
pulaski_30_10,63.5,12m,24910000,170.71,332.03,0.87,30.0,10.0,101.91137306176527
pulaski_30_10,63.5,10m,28050000,924.42,1430.8,0.8946999999999999,30.0,10.0,101.91137306176527
pulaski_30_10,64.0,40m,7050000,42.962,-85.841,0.8037000000000001,30.0,10.0,102.63562509302113
pulaski_30_10,64.0,30m,10120000,188.28,629.85,0.8929,30.0,10.0,102.63562509302113
pulaski_30_10,64.0,20m,14050000,4229.5,1302.1,0.9290999999999999,30.0,10.0,102.63562509302113
pulaski_30_10,64.0,17m,18080000,307.35,-1044.0,0.917,30.0,10.0,102.63562509302113
pulaski_30_10,64.0,15m,21050000,120.69,-340.33,0.8792,30.0,10.0,102.63562509302113
pulaski_30_10,64.0,12m,24910000,182.94,377.99,0.8711,30.0,10.0,102.63562509302113
pulaski_30_10,64.0,10m,28050000,1129.2,1545.2,0.8967,30.0,10.0,102.63562509302113
pulaski_30_10,64.5,40m,7050000,44.19,-73.817,0.8059999999999999,30.0,10.0,103.34508578171047
pulaski_30_10,64.5,30m,10120000,197.42,654.65,0.8942,30.0,10.0,103.34508578171047
pulaski_30_10,64.5,20m,14050000,4472.0,869.02,0.9294,30.0,10.0,103.34508578171047
pulaski_30_10,64.5,17m,18080000,286.94,-996.9,0.9153,30.0,10.0,103.34508578171047
pulaski_30_10,64.5,15m,21050000,117.78,-309.65,0.8761,30.0,10.0,103.34508578171047
pulaski_30_10,64.5,12m,24910000,197.17,426.02,0.8724,30.0,10.0,103.34508578171047
pulaski_30_10,64.5,10m,28050000,1391.7,1644.9,0.8985,30.0,10.0,103.34508578171047
pulaski_30_10,65.0,40m,7050000,45.444,-61.819,0.8083,30.0,10.0,104.04025511029603
pulaski_30_10,65.0,30m,10120000,207.06,679.97,0.8954000000000001,30.0,10.0,104.04025511029603
pulaski_30_10,65.0,20m,14050000,4619.9,375.3,0.9295,30.0,10.0,104.04025511029603
pulaski_30_10,65.0,17m,18080000,268.43,-951.85,0.9134,30.0,10.0,104.04025511029603
pulaski_30_10,65.0,15m,21050000,115.29,-279.27,0.873,30.0,10.0,104.04025511029603
pulaski_30_10,65.0,12m,24910000,213.7,476.37,0.8739,30.0,10.0,104.04025511029603
pulaski_30_10,65.0,10m,28050000,1724.8,1708.0,0.9002,30.0,10.0,104.04025511029603
reference_30_120,40.5,40m,7050000,16.475,-709.73,0.7537,30.0,19.875,120.00000000000001
reference_30_120,40.5,30m,10120000,42.323,-226.09,0.8619,30.0,19.875,120.00000000000001
reference_30_120,40.5,20m,14050000,114.28,281.95,0.9095,30.0,19.875,120.00000000000001
reference_30_120,40.5,17m,18080000,351.61,1047.3,0.9225,30.0,19.875,120.00000000000001
reference_30_120,40.5,15m,21050000,1726.0,2529.7,0.9265000000000001,30.0,19.875,120.00000000000001
reference_30_120,40.5,12m,24910000,1355.6,-2567.6,0.93,30.0,19.875,120.00000000000001
reference_30_120,40.5,10m,28050000,284.76,-1162.2,0.9238,30.0,19.875,120.00000000000001
reference_30_120,41.0,40m,7050000,16.89,-692.59,0.7558,30.0,19.75,119.99999999999999
reference_30_120,41.0,30m,10120000,43.699,-209.1,0.8633,30.0,19.75,119.99999999999999
reference_30_120,41.0,20m,14050000,119.94,306.63,0.9105,30.0,19.75,119.99999999999999
reference_30_120,41.0,17m,18080000,385.24,1110.4,0.9231999999999999,30.0,19.75,119.99999999999999
reference_30_120,41.0,15m,21050000,2108.2,2683.6,0.9266,30.0,19.75,119.99999999999999
reference_30_120,41.0,12m,24910000,1097.9,-2373.1,0.9287000000000001,30.0,19.75,119.99999999999999
reference_30_120,41.0,10m,28050000,251.24,-1081.0,0.9205,30.0,19.75,119.99999999999999
reference_30_120,41.5,40m,7050000,17.314,-675.73,0.7579,30.0,19.625,119.99999999999999
reference_30_120,41.5,30m,10120000,45.118,-192.21,0.8645999999999999,30.0,19.625,119.99999999999999
reference_30_120,41.5,20m,14050000,125.94,331.7,0.9114,30.0,19.625,119.99999999999999
reference_30_120,41.5,17m,18080000,423.37,1177.3,0.9239,30.0,19.625,119.99999999999999
reference_30_120,41.5,15m,21050000,2597.4,2796.6,0.9267,30.0,19.625,119.99999999999999
reference_30_120,41.5,12m,24910000,902.22,-2191.0,0.9273,30.0,19.625,119.99999999999999
reference_30_120,41.5,10m,28050000,223.17,-1006.0,0.9170999999999999,30.0,19.625,119.99999999999999
reference_30_120,42.0,40m,7050000,17.745,-659.14,0.7598999999999999,30.0,19.5,120.00000000000001
reference_30_120,42.0,30m,10120000,46.58,-175.42,0.8659,30.0,19.5,120.00000000000001
reference_30_120,42.0,20m,14050000,132.3,357.2,0.9124,30.0,19.5,120.00000000000001
reference_30_120,42.0,17m,18080000,466.89,1248.3,0.9246,30.0,19.5,120.00000000000001
reference_30_120,42.0,15m,21050000,3213.8,2818.8,0.9268000000000001,30.0,19.5,120.00000000000001
reference_30_120,42.0,12m,24910000,751.37,-2024.6,0.9257,30.0,19.5,120.00000000000001
reference_30_120,42.0,10m,28050000,199.49,-936.38,0.9133,30.0,19.5,120.00000000000001
reference_30_120,42.5,40m,7050000,18.184,-642.8,0.7619,30.0,19.375,119.99999999999999
reference_30_120,42.5,30m,10120000,48.089,-158.72,0.8672,30.0,19.375,119.99999999999999
reference_30_120,42.5,20m,14050000,139.05,383.15,0.9133,30.0,19.375,119.99999999999999
reference_30_120,42.5,17m,18080000,516.73,1323.7,0.9251999999999999,30.0,19.375,119.99999999999999
reference_30_120,42.5,15m,21050000,3956.7,2668.9,0.9268000000000001,30.0,19.375,119.99999999999999
reference_30_120,42.5,12m,24910000,633.39,-1874.0,0.9239,30.0,19.375,119.99999999999999
reference_30_120,42.5,10m,28050000,179.42,-871.39,0.9093000000000001,30.0,19.375,119.99999999999999
reference_30_120,43.0,40m,7050000,18.631,-626.7,0.7637999999999999,30.0,19.25,119.99999999999999
reference_30_120,43.0,30m,10120000,49.645,-142.09,0.8684999999999999,30.0,19.25,119.99999999999999
reference_30_120,43.0,20m,14050000,146.23,409.59,0.9142,30.0,19.25,119.99999999999999
reference_30_120,43.0,17m,18080000,574.12,1403.8,0.9258,30.0,19.25,119.99999999999999
reference_30_120,43.0,15m,21050000,4770.3,2238.6,0.9267,30.0,19.25,119.99999999999999
reference_30_120,43.0,12m,24910000,539.84,-1737.9,0.922,30.0,19.25,119.99999999999999
reference_30_120,43.0,10m,28050000,162.33,-810.45,0.905,30.0,19.25,119.99999999999999
reference_30_120,43.5,40m,7050000,19.087,-610.84,0.7656999999999999,30.0,19.125,120.00000000000001
reference_30_120,43.5,30m,10120000,51.25,-125.52,0.8697,30.0,19.125,120.00000000000001
reference_30_120,43.5,20m,14050000,153.87,436.58,0.915,30.0,19.125,120.00000000000001
reference_30_120,43.5,17m,18080000,640.62,1489.0,0.9262999999999999,30.0,19.125,120.00000000000001
reference_30_120,43.5,15m,21050000,5501.0,1439.5,0.9266,30.0,19.125,120.00000000000001
reference_30_120,43.5,12m,24910000,464.68,-1615.0,0.9198999999999999,30.0,19.125,120.00000000000001
reference_30_120,43.5,10m,28050000,147.74,-753.06,0.9004000000000001,30.0,19.125,120.00000000000001
reference_30_120,44.0,40m,7050000,19.551,-595.21,0.7676000000000001,30.0,19.0,119.99999999999999
reference_30_120,44.0,30m,10120000,52.907,-109.01,0.8709,30.0,19.0,119.99999999999999
reference_30_120,44.0,20m,14050000,162.0,464.14,0.9159,30.0,19.0,119.99999999999999
reference_30_120,44.0,17m,18080000,718.04,1579.6,0.9268000000000001,30.0,19.0,119.99999999999999
reference_30_120,44.0,15m,21050000,5911.3,307.74,0.9265000000000001,30.0,19.0,119.99999999999999
reference_30_120,44.0,12m,24910000,403.59,-1503.6,0.9177,30.0,19.0,119.99999999999999
reference_30_120,44.0,10m,28050000,135.26,-698.75,0.8956000000000001,30.0,19.0,119.99999999999999
reference_30_120,44.5,40m,7050000,20.024,-579.79,0.7695000000000001,30.0,18.875,119.99999999999999
reference_30_120,44.5,30m,10120000,54.617,-92.549,0.8721,30.0,18.875,119.99999999999999
reference_30_120,44.5,20m,14050000,170.69,492.32,0.9167000000000001,30.0,18.875,119.99999999999999
reference_30_120,44.5,17m,18080000,808.85,1675.5,0.9273,30.0,18.875,119.99999999999999
reference_30_120,44.5,15m,21050000,5822.1,-927.14,0.9262,30.0,18.875,119.99999999999999
reference_30_120,44.5,12m,24910000,353.42,-1402.3,0.9153,30.0,18.875,119.99999999999999
reference_30_120,44.5,10m,28050000,124.57,-647.14,0.8906000000000001,30.0,18.875,119.99999999999999
reference_30_120,45.0,40m,7050000,20.506,-564.59,0.7713,30.0,18.75,120.00000000000001
reference_30_120,45.0,30m,10120000,56.383,-76.118,0.8733,30.0,18.75,120.00000000000001
reference_30_120,45.0,20m,14050000,179.96,521.17,0.9175,30.0,18.75,120.00000000000001
reference_30_120,45.0,17m,18080000,915.92,1776.6,0.9278,30.0,18.75,120.00000000000001
reference_30_120,45.0,15m,21050000,5275.2,-1961.8,0.9259000000000001,30.0,18.75,120.00000000000001
reference_30_120,45.0,12m,24910000,311.82,-1309.8,0.9127,30.0,18.75,120.00000000000001
reference_30_120,45.0,10m,28050000,115.42,-597.88,0.8855,30.0,18.75,120.00000000000001
reference_30_120,45.5,40m,7050000,20.997,-549.58,0.7731,30.0,18.625,119.99999999999999
reference_30_120,45.5,30m,10120000,58.208,-59.713,0.8744,30.0,18.625,119.99999999999999
reference_30_120,45.5,20m,14050000,189.88,550.75,0.9183,30.0,18.625,119.99999999999999
reference_30_120,45.5,17m,18080000,1042.8,1882.4,0.9281999999999999,30.0,18.625,119.99999999999999
reference_30_120,45.5,15m,21050000,4492.1,-2630.3,0.9256,30.0,18.625,119.99999999999999
reference_30_120,45.5,12m,24910000,277.03,-1224.9,0.91,30.0,18.625,119.99999999999999
reference_30_120,45.5,10m,28050000,107.63,-550.67,0.8802,30.0,18.625,119.99999999999999
reference_30_120,46.0,40m,7050000,21.498,-534.76,0.7748999999999999,30.0,18.5,119.99999999999999
reference_30_120,46.0,30m,10120000,60.093,-43.323,0.8755,30.0,18.5,119.99999999999999
reference_30_120,46.0,20m,14050000,200.51,581.1,0.919,30.0,18.5,119.99999999999999
reference_30_120,46.0,17m,18080000,1194.4,1991.4,0.9286,30.0,18.5,119.99999999999999
reference_30_120,46.0,15m,21050000,3690.9,-2951.9,0.9251999999999999,30.0,18.5,119.99999999999999
reference_30_120,46.0,12m,24910000,247.73,-1146.6,0.907,30.0,18.5,119.99999999999999
reference_30_120,46.0,10m,28050000,101.01,-505.23,0.8748,30.0,18.5,119.99999999999999
reference_30_120,46.5,40m,7050000,22.008,-520.13,0.7766,30.0,18.375,120.00000000000001
reference_30_120,46.5,30m,10120000,62.041,-26.94,0.8765999999999999,30.0,18.375,120.00000000000001
reference_30_120,46.5,20m,14050000,211.91,612.27,0.9197,30.0,18.375,120.00000000000001
reference_30_120,46.5,17m,18080000,1376.0,2101.2,0.9289000000000001,30.0,18.375,120.00000000000001
reference_30_120,46.5,15m,21050000,2988.9,-3031.5,0.9247,30.0,18.375,120.00000000000001
reference_30_120,46.5,12m,24910000,222.9,-1074.1,0.9039,30.0,18.375,120.00000000000001
reference_30_120,46.5,10m,28050000,95.442,-461.33,0.8695,30.0,18.375,120.00000000000001
reference_30_120,47.0,40m,7050000,22.528,-505.67,0.7783,30.0,18.25,119.99999999999999
reference_30_120,47.0,30m,10120000,64.055,-10.554,0.8776999999999999,30.0,18.25,119.99999999999999
reference_30_120,47.0,20m,14050000,224.15,644.34,0.9205,30.0,18.25,119.99999999999999
reference_30_120,47.0,17m,18080000,1594.6,2207.4,0.9292,30.0,18.25,119.99999999999999
reference_30_120,47.0,15m,21050000,2417.8,-2970.6,0.9240999999999999,30.0,18.25,119.99999999999999
reference_30_120,47.0,12m,24910000,201.73,-1006.6,0.9007,30.0,18.25,119.99999999999999
reference_30_120,47.0,10m,28050000,90.819,-418.75,0.8643000000000001,30.0,18.25,119.99999999999999
reference_30_120,47.5,40m,7050000,23.058,-491.39,0.78,30.0,18.125,119.99999999999999
reference_30_120,47.5,30m,10120000,66.138,5.8443,0.8787999999999999,30.0,18.125,119.99999999999999
reference_30_120,47.5,20m,14050000,237.33,677.36,0.9211,30.0,18.125,119.99999999999999
reference_30_120,47.5,17m,18080000,1857.8,2302.8,0.9295,30.0,18.125,119.99999999999999
reference_30_120,47.5,15m,21050000,1968.3,-2838.9,0.9235,30.0,18.125,119.99999999999999
reference_30_120,47.5,12m,24910000,183.6,-943.59,0.8972,30.0,18.125,119.99999999999999
reference_30_120,47.5,10m,28050000,87.054,-377.29,0.8593000000000001,30.0,18.125,119.99999999999999
reference_30_120,48.0,40m,7050000,23.598,-477.26,0.7817000000000001,30.0,17.999999999999996,120.00000000000001
reference_30_120,48.0,30m,10120000,68.293,22.265,0.8798,30.0,17.999999999999996,120.00000000000001
reference_30_120,48.0,20m,14050000,251.53,711.4,0.9218000000000001,30.0,17.999999999999996,120.00000000000001
reference_30_120,48.0,17m,18080000,2174.3,2375.4,0.9298000000000001,30.0,17.999999999999996,120.00000000000001
reference_30_120,48.0,15m,21050000,1618.1,-2677.9,0.9228000000000001,30.0,17.999999999999996,120.00000000000001
reference_30_120,48.0,12m,24910000,168.02,-884.42,0.8936,30.0,17.999999999999996,120.00000000000001
reference_30_120,48.0,10m,28050000,84.08,-336.77,0.8547,30.0,17.999999999999996,120.00000000000001
reference_30_120,48.5,40m,7050000,24.149,-463.29,0.7833,30.0,17.874999999999996,119.99999999999999
reference_30_120,48.5,30m,10120000,70.524,38.718,0.8808,30.0,17.874999999999996,119.99999999999999
reference_30_120,48.5,20m,14050000,266.87,746.54,0.9225,30.0,17.874999999999996,119.99999999999999
reference_30_120,48.5,17m,18080000,2550.7,2407.3,0.93,30.0,17.874999999999996,119.99999999999999
reference_30_120,48.5,15m,21050000,1345.0,-2509.7,0.922,30.0,17.874999999999996,119.99999999999999
reference_30_120,48.5,12m,24910000,154.59,-828.66,0.8898999999999999,30.0,17.874999999999996,119.99999999999999
reference_30_120,48.5,10m,28050000,81.844,-297.03,0.8504,30.0,17.874999999999996,119.99999999999999
reference_30_120,49.0,40m,7050000,24.71,-449.48,0.7848999999999999,30.0,17.749999999999996,119.99999999999999
reference_30_120,49.0,30m,10120000,72.833,55.212,0.8818,30.0,17.749999999999996,119.99999999999999
reference_30_120,49.0,20m,14050000,283.46,782.84,0.9231,30.0,17.749999999999996,119.99999999999999
reference_30_120,49.0,17m,18080000,2989.8,2371.7,0.9301,30.0,17.749999999999996,119.99999999999999
reference_30_120,49.0,15m,21050000,1130.5,-2345.7,0.9212,30.0,17.749999999999996,119.99999999999999
reference_30_120,49.0,12m,24910000,142.99,-775.91,0.8861,30.0,17.749999999999996,119.99999999999999
reference_30_120,49.0,10m,28050000,80.307,-257.9,0.8466,30.0,17.749999999999996,119.99999999999999
reference_30_120,49.5,40m,7050000,25.283,-435.8,0.7865000000000001,30.0,17.624999999999996,119.99999999999997
reference_30_120,49.5,30m,10120000,75.225,71.757,0.8828,30.0,17.624999999999996,119.99999999999997
reference_30_120,49.5,20m,14050000,301.44,820.39,0.9237000000000001,30.0,17.624999999999996,119.99999999999997
reference_30_120,49.5,17m,18080000,3483.1,2233.9,0.9303,30.0,17.624999999999996,119.99999999999997
reference_30_120,49.5,15m,21050000,960.44,-2190.9,0.9201999999999999,30.0,17.624999999999996,119.99999999999997
reference_30_120,49.5,12m,24910000,132.98,-725.8,0.8822,30.0,17.624999999999996,119.99999999999997
reference_30_120,49.5,10m,28050000,79.442,-219.24,0.8434,30.0,17.624999999999996,119.99999999999997
reference_30_120,50.0,40m,7050000,25.866,-422.26,0.7881,30.0,17.499999999999996,119.99999999999999
reference_30_120,50.0,30m,10120000,77.703,88.363,0.8837,30.0,17.499999999999996,119.99999999999999
reference_30_120,50.0,20m,14050000,320.97,859.27,0.9243000000000001,30.0,17.499999999999996,119.99999999999999
reference_30_120,50.0,17m,18080000,4002.4,1953.5,0.9303,30.0,17.499999999999996,119.99999999999999
reference_30_120,50.0,15m,21050000,824.11,-2047.1,0.9192,30.0,17.499999999999996,119.99999999999999
reference_30_120,50.0,12m,24910000,124.33,-678.02,0.8782,30.0,17.499999999999996,119.99999999999999
reference_30_120,50.0,10m,28050000,79.233,-180.9,0.8408,30.0,17.499999999999996,119.99999999999999
reference_30_120,50.5,40m,7050000,26.461,-408.86,0.7896,30.0,17.374999999999996,119.99999999999999
reference_30_120,50.5,30m,10120000,80.271,105.04,0.8847,30.0,17.374999999999996,119.99999999999999
reference_30_120,50.5,20m,14050000,342.21,899.57,0.9248999999999999,30.0,17.374999999999996,119.99999999999999
reference_30_120,50.5,17m,18080000,4491.7,1498.8,0.9304000000000001,30.0,17.374999999999996,119.99999999999999
reference_30_120,50.5,15m,21050000,713.66,-1914.7,0.9181,30.0,17.374999999999996,119.99999999999999
reference_30_120,50.5,12m,24910000,116.87,-632.32,0.8743000000000001,30.0,17.374999999999996,119.99999999999999
reference_30_120,50.5,10m,28050000,79.675,-142.74,0.8389,30.0,17.374999999999996,119.99999999999999
reference_30_120,51.0,40m,7050000,27.068,-395.58,0.7912,30.0,17.249999999999996,119.99999999999997
reference_30_120,51.0,30m,10120000,82.934,121.8,0.8856,30.0,17.249999999999996,119.99999999999997
reference_30_120,51.0,20m,14050000,365.38,941.38,0.9254000000000001,30.0,17.249999999999996,119.99999999999997
reference_30_120,51.0,17m,18080000,4868.4,867.73,0.9304000000000001,30.0,17.249999999999996,119.99999999999997
reference_30_120,51.0,15m,21050000,623.25,-1793.2,0.9168999999999999,30.0,17.249999999999996,119.99999999999997
reference_30_120,51.0,12m,24910000,110.47,-588.43,0.8703,30.0,17.249999999999996,119.99999999999997
reference_30_120,51.0,10m,28050000,80.773,-104.63,0.8378,30.0,17.249999999999996,119.99999999999997
reference_30_120,51.5,40m,7050000,27.687,-382.42,0.7927,30.0,17.124999999999996,119.99999999999999
reference_30_120,51.5,30m,10120000,85.696,138.65,0.8865000000000001,30.0,17.124999999999996,119.99999999999999
reference_30_120,51.5,20m,14050000,390.7,984.81,0.9259000000000001,30.0,17.124999999999996,119.99999999999999
reference_30_120,51.5,17m,18080000,5048.0,111.28,0.9303,30.0,17.124999999999996,119.99999999999999
reference_30_120,51.5,15m,21050000,548.53,-1681.8,0.9155,30.0,17.124999999999996,119.99999999999999
reference_30_120,51.5,12m,24910000,105.0,-546.15,0.8665,30.0,17.124999999999996,119.99999999999999
reference_30_120,51.5,10m,28050000,82.54,-66.434,0.8373,30.0,17.124999999999996,119.99999999999999
reference_30_120,52.0,40m,7050000,28.318,-369.37,0.7940999999999999,30.0,16.999999999999996,119.99999999999999
reference_30_120,52.0,30m,10120000,88.562,155.6,0.8874,30.0,16.999999999999996,119.99999999999999
reference_30_120,52.0,20m,14050000,418.44,1029.9,0.9264,30.0,16.999999999999996,119.99999999999999
reference_30_120,52.0,17m,18080000,4982.0,-672.09,0.9301999999999999,30.0,16.999999999999996,119.99999999999999
reference_30_120,52.0,15m,21050000,486.2,-1579.5,0.9142,30.0,16.999999999999996,119.99999999999999
reference_30_120,52.0,12m,24910000,100.38,-505.28,0.8628,30.0,16.999999999999996,119.99999999999999
reference_30_120,52.0,10m,28050000,85.005,-28.008,0.8375,30.0,16.999999999999996,119.99999999999999
reference_30_120,52.5,40m,7050000,28.962,-356.44,0.7956,30.0,16.874999999999996,119.99999999999997
reference_30_120,52.5,30m,10120000,91.538,172.66,0.8883,30.0,16.874999999999996,119.99999999999997
reference_30_120,52.5,20m,14050000,448.89,1076.9,0.9269,30.0,16.874999999999996,119.99999999999997
reference_30_120,52.5,17m,18080000,4690.4,-1370.9,0.9301,30.0,16.874999999999996,119.99999999999997
reference_30_120,52.5,15m,21050000,433.78,-1485.3,0.9127,30.0,16.874999999999996,119.99999999999997
reference_30_120,52.5,12m,24910000,96.512,-465.65,0.8592,30.0,16.874999999999996,119.99999999999997
reference_30_120,52.5,10m,28050000,88.202,10.785,0.8384,30.0,16.874999999999996,119.99999999999997
reference_30_120,53.0,40m,7050000,29.619,-343.61,0.797,30.0,16.749999999999996,119.99999999999999
reference_30_120,53.0,30m,10120000,94.629,189.85,0.8891,30.0,16.749999999999996,119.99999999999999
reference_30_120,53.0,20m,14050000,482.42,1125.7,0.9274,30.0,16.749999999999996,119.99999999999999
reference_30_120,53.0,17m,18080000,4244.9,-1910.3,0.9299,30.0,16.749999999999996,119.99999999999999
reference_30_120,53.0,15m,21050000,389.36,-1398.4,0.9111,30.0,16.749999999999996,119.99999999999999
reference_30_120,53.0,12m,24910000,93.344,-427.09,0.8559,30.0,16.749999999999996,119.99999999999999
reference_30_120,53.0,10m,28050000,92.184,50.091,0.8398,30.0,16.749999999999996,119.99999999999999
reference_30_120,53.5,40m,7050000,30.289,-330.87,0.7985,30.0,16.624999999999996,119.99999999999999
reference_30_120,53.5,30m,10120000,97.841,207.17,0.89,30.0,16.624999999999996,119.99999999999999
reference_30_120,53.5,20m,14050000,519.43,1176.5,0.9278,30.0,16.624999999999996,119.99999999999999
reference_30_120,53.5,17m,18080000,3733.9,-2270.0,0.9297,30.0,16.624999999999996,119.99999999999999
reference_30_120,53.5,15m,21050000,351.46,-1317.9,0.9094,30.0,16.624999999999996,119.99999999999999
reference_30_120,53.5,12m,24910000,90.827,-389.46,0.8529000000000001,30.0,16.624999999999996,119.99999999999999
reference_30_120,53.5,10m,28050000,97.014,90.063,0.8418000000000001,30.0,16.624999999999996,119.99999999999999
reference_30_120,54.0,40m,7050000,30.973,-318.24,0.7998999999999999,30.0,16.499999999999996,119.99999999999997
reference_30_120,54.0,30m,10120000,101.18,224.64,0.8908,30.0,16.499999999999996,119.99999999999997
reference_30_120,54.0,20m,14050000,560.38,1229.4,0.9283,30.0,16.499999999999996,119.99999999999997
reference_30_120,54.0,17m,18080000,3226.4,-2470.9,0.9294,30.0,16.499999999999996,119.99999999999997
reference_30_120,54.0,15m,21050000,318.91,-1243.1,0.9076000000000001,30.0,16.499999999999996,119.99999999999997
reference_30_120,54.0,12m,24910000,88.914,-352.63,0.8503000000000001,30.0,16.499999999999996,119.99999999999997
reference_30_120,54.0,10m,28050000,102.77,130.86,0.8441,30.0,16.499999999999996,119.99999999999997
reference_30_120,54.5,40m,7050000,31.67,-305.69,0.8012,30.0,16.374999999999996,119.99999999999999
reference_30_120,54.5,30m,10120000,104.65,242.26,0.8916,30.0,16.374999999999996,119.99999999999999
reference_30_120,54.5,20m,14050000,605.83,1284.4,0.9287000000000001,30.0,16.374999999999996,119.99999999999999
reference_30_120,54.5,17m,18080000,2762.3,-2551.1,0.929,30.0,16.374999999999996,119.99999999999999
reference_30_120,54.5,15m,21050000,290.8,-1173.4,0.9057,30.0,16.374999999999996,119.99999999999999
reference_30_120,54.5,12m,24910000,87.573,-316.47,0.848,30.0,16.374999999999996,119.99999999999999
reference_30_120,54.5,10m,28050000,109.56,172.66,0.8469,30.0,16.374999999999996,119.99999999999999
reference_30_120,55.0,40m,7050000,32.382,-293.24,0.8026000000000001,30.0,16.249999999999996,119.99999999999999
reference_30_120,55.0,30m,10120000,108.27,260.06,0.8924,30.0,16.249999999999996,119.99999999999999
reference_30_120,55.0,20m,14050000,656.41,1341.6,0.929,30.0,16.249999999999996,119.99999999999999
reference_30_120,55.0,17m,18080000,2358.4,-2549.2,0.9286,30.0,16.249999999999996,119.99999999999999
reference_30_120,55.0,15m,21050000,266.4,-1108.3,0.9037000000000001,30.0,16.249999999999996,119.99999999999999
reference_30_120,55.0,12m,24910000,86.781,-280.86,0.8461,30.0,16.249999999999996,119.99999999999999
reference_30_120,55.0,10m,28050000,117.5,215.64,0.8499,30.0,16.249999999999996,119.99999999999999
reference_30_120,55.5,40m,7050000,33.109,-280.86,0.8039000000000001,30.0,16.124999999999996,119.99999999999999
reference_30_120,55.5,30m,10120000,112.03,278.04,0.8931999999999999,30.0,16.124999999999996,119.99999999999999
reference_30_120,55.5,20m,14050000,712.85,1401.0,0.9294,30.0,16.124999999999996,119.99999999999999
reference_30_120,55.5,17m,18080000,2016.0,-2495.0,0.9281999999999999,30.0,16.124999999999996,119.99999999999999
reference_30_120,55.5,15m,21050000,245.13,-1047.1,0.9016,30.0,16.124999999999996,119.99999999999999
reference_30_120,55.5,12m,24910000,86.519,-245.68,0.8445999999999999,30.0,16.124999999999996,119.99999999999999
reference_30_120,55.5,10m,28050000,126.74,260.02,0.8531,30.0,16.124999999999996,119.99999999999999
reference_30_120,56.0,40m,7050000,33.851,-268.56,0.8051999999999999,30.0,15.999999999999996,119.99999999999999
reference_30_120,56.0,30m,10120000,115.95,296.21,0.8939,30.0,15.999999999999996,119.99999999999999
reference_30_120,56.0,20m,14050000,776.04,1462.5,0.9297,30.0,15.999999999999996,119.99999999999999
reference_30_120,56.0,17m,18080000,1729.8,-2410.8,0.9277,30.0,15.999999999999996,119.99999999999999
reference_30_120,56.0,15m,21050000,226.52,-989.56,0.8995000000000001,30.0,15.999999999999996,119.99999999999999
reference_30_120,56.0,12m,24910000,86.78,-210.85,0.8436,30.0,15.999999999999996,119.99999999999999
reference_30_120,56.0,10m,28050000,137.48,306.0,0.8565,30.0,15.999999999999996,119.99999999999999
reference_30_120,56.5,40m,7050000,34.608,-256.33,0.8065000000000001,30.0,15.874999999999996,119.99999999999999
reference_30_120,56.5,30m,10120000,120.03,314.59,0.8946999999999999,30.0,15.874999999999996,119.99999999999999
reference_30_120,56.5,20m,14050000,846.97,1525.9,0.9301,30.0,15.874999999999996,119.99999999999999
reference_30_120,56.5,17m,18080000,1492.0,-2310.7,0.9270999999999999,30.0,15.874999999999996,119.99999999999999
reference_30_120,56.5,15m,21050000,210.17,-935.2,0.8972,30.0,15.874999999999996,119.99999999999999
reference_30_120,56.5,12m,24910000,87.556,-176.24,0.8431000000000001,30.0,15.874999999999996,119.99999999999999
reference_30_120,56.5,10m,28050000,149.92,353.83,0.86,30.0,15.874999999999996,119.99999999999999
reference_30_120,57.0,40m,7050000,35.381,-244.17,0.8078,30.0,15.749999999999996,119.99999999999999
reference_30_120,57.0,30m,10120000,124.29,333.19,0.8954000000000001,30.0,15.749999999999996,119.99999999999999
reference_30_120,57.0,20m,14050000,926.82,1591.0,0.9304000000000001,30.0,15.749999999999996,119.99999999999999
reference_30_120,57.0,17m,18080000,1294.4,-2203.8,0.9265000000000001,30.0,15.749999999999996,119.99999999999999
reference_30_120,57.0,15m,21050000,195.77,-883.7,0.8948999999999999,30.0,15.749999999999996,119.99999999999999
reference_30_120,57.0,12m,24910000,88.855,-141.76,0.843,30.0,15.749999999999996,119.99999999999999
reference_30_120,57.0,10m,28050000,164.36,403.78,0.8634000000000001,30.0,15.749999999999996,119.99999999999999
reference_30_120,57.5,40m,7050000,36.17,-232.08,0.8090999999999999,30.0,15.624999999999996,119.99999999999999
reference_30_120,57.5,30m,10120000,128.74,352.03,0.8961,30.0,15.624999999999996,119.99999999999999
reference_30_120,57.5,20m,14050000,1017.0,1657.4,0.9306,30.0,15.624999999999996,119.99999999999999
reference_30_120,57.5,17m,18080000,1129.9,-2095.8,0.9257,30.0,15.624999999999996,119.99999999999999
reference_30_120,57.5,15m,21050000,183.06,-834.76,0.8924,30.0,15.624999999999996,119.99999999999999
reference_30_120,57.5,12m,24910000,90.695,-107.31,0.8432999999999999,30.0,15.624999999999996,119.99999999999999
reference_30_120,57.5,10m,28050000,181.14,456.16,0.8669,30.0,15.624999999999996,119.99999999999999
reference_30_120,58.0,40m,7050000,36.976,-220.04,0.8103,30.0,15.499999999999996,119.99999999999999
reference_30_120,58.0,30m,10120000,133.38,371.13,0.8968,30.0,15.499999999999996,119.99999999999999
reference_30_120,58.0,20m,14050000,1119.0,1724.4,0.9309000000000001,30.0,15.499999999999996,119.99999999999999
reference_30_120,58.0,17m,18080000,992.22,-1989.9,0.925,30.0,15.499999999999996,119.99999999999999
reference_30_120,58.0,15m,21050000,171.81,-788.13,0.89,30.0,15.499999999999996,119.99999999999999
reference_30_120,58.0,12m,24910000,93.082,-72.782,0.8441,30.0,15.499999999999996,119.99999999999999
reference_30_120,58.0,10m,28050000,200.67,511.28,0.8703,30.0,15.499999999999996,119.99999999999999
reference_30_120,58.5,40m,7050000,37.799,-208.07,0.8116,30.0,15.374999999999996,119.99999999999999
reference_30_120,58.5,30m,10120000,138.23,390.48,0.8975,30.0,15.374999999999996,119.99999999999999
reference_30_120,58.5,20m,14050000,1234.6,1791.0,0.9311,30.0,15.374999999999996,119.99999999999999
reference_30_120,58.5,17m,18080000,876.44,-1888.0,0.9240999999999999,30.0,15.374999999999996,119.99999999999999
reference_30_120,58.5,15m,21050000,161.86,-743.56,0.8874,30.0,15.374999999999996,119.99999999999999
reference_30_120,58.5,12m,24910000,96.045,-38.087,0.8452,30.0,15.374999999999996,119.99999999999999
reference_30_120,58.5,10m,28050000,223.5,569.53,0.8736,30.0,15.374999999999996,119.99999999999999
reference_30_120,59.0,40m,7050000,38.64,-196.14,0.8128,30.0,15.249999999999996,119.99999999999999
reference_30_120,59.0,30m,10120000,143.29,410.13,0.8981999999999999,30.0,15.249999999999996,119.99999999999999
reference_30_120,59.0,20m,14050000,1366.0,1855.8,0.9312999999999999,30.0,15.249999999999996,119.99999999999999
reference_30_120,59.0,17m,18080000,778.5,-1791.1,0.9231999999999999,30.0,15.249999999999996,119.99999999999999
reference_30_120,59.0,15m,21050000,153.04,-700.83,0.8848,30.0,15.249999999999996,119.99999999999999
reference_30_120,59.0,12m,24910000,99.603,-3.123,0.8466,30.0,15.249999999999996,119.99999999999999
reference_30_120,59.0,10m,28050000,250.29,631.3,0.8769,30.0,15.249999999999996,119.99999999999999
reference_30_120,59.5,40m,7050000,39.499,-184.27,0.8140000000000001,30.0,15.124999999999996,119.99999999999999
reference_30_120,59.5,30m,10120000,148.59,430.07,0.8987999999999999,30.0,15.124999999999996,119.99999999999999
reference_30_120,59.5,20m,14050000,1515.3,1916.7,0.9315000000000001,30.0,15.124999999999996,119.99999999999999
reference_30_120,59.5,17m,18080000,695.19,-1699.3,0.9222,30.0,15.124999999999996,119.99999999999999
reference_30_120,59.5,15m,21050000,145.22,-659.78,0.8822,30.0,15.124999999999996,119.99999999999999
reference_30_120,59.5,12m,24910000,103.82,32.221,0.8484,30.0,15.124999999999996,119.99999999999999
reference_30_120,59.5,10m,28050000,281.88,697.04,0.88,30.0,15.124999999999996,119.99999999999999
reference_30_120,60.0,40m,7050000,40.376,-172.44,0.8151999999999999,30.0,14.999999999999996,119.99999999999999
reference_30_120,60.0,30m,10120000,154.14,450.33,0.8995000000000001,30.0,14.999999999999996,119.99999999999999
reference_30_120,60.0,20m,14050000,1685.0,1970.9,0.9317,30.0,14.999999999999996,119.99999999999999
reference_30_120,60.0,17m,18080000,623.87,-1612.9,0.9211,30.0,14.999999999999996,119.99999999999999
reference_30_120,60.0,15m,21050000,138.31,-620.22,0.8795999999999999,30.0,14.999999999999996,119.99999999999999
reference_30_120,60.0,12m,24910000,108.73,68.051,0.8504,30.0,14.999999999999996,119.99999999999999
reference_30_120,60.0,10m,28050000,319.33,767.23,0.883,30.0,14.999999999999996,119.99999999999999
reference_30_120,60.5,40m,7050000,41.273,-160.65,0.8164,30.0,14.874999999999996,119.99999999999999
reference_30_120,60.5,30m,10120000,159.95,470.92,0.9001,30.0,14.874999999999996,119.99999999999999
reference_30_120,60.5,20m,14050000,1877.4,2014.4,0.9318000000000001,30.0,14.874999999999996,119.99999999999999
reference_30_120,60.5,17m,18080000,562.47,-1531.6,0.9198999999999999,30.0,14.874999999999996,119.99999999999999
reference_30_120,60.5,15m,21050000,132.2,-582.01,0.877,30.0,14.874999999999996,119.99999999999999
reference_30_120,60.5,12m,24910000,114.39,104.48,0.8526,30.0,14.874999999999996,119.99999999999999
reference_30_120,60.5,10m,28050000,364.06,842.33,0.8858,30.0,14.874999999999996,119.99999999999999
reference_30_120,61.0,40m,7050000,42.189,-148.9,0.8175,30.0,14.749999999999996,119.99999999999999
reference_30_120,61.0,30m,10120000,166.04,491.87,0.9007,30.0,14.749999999999996,119.99999999999999
reference_30_120,61.0,20m,14050000,2094.5,2042.2,0.9319,30.0,14.749999999999996,119.99999999999999
reference_30_120,61.0,17m,18080000,509.33,-1455.2,0.9187000000000001,30.0,14.749999999999996,119.99999999999999
reference_30_120,61.0,15m,21050000,126.82,-545.0,0.8743000000000001,30.0,14.749999999999996,119.99999999999999
reference_30_120,61.0,12m,24910000,120.86,141.62,0.855,30.0,14.749999999999996,119.99999999999999
reference_30_120,61.0,10m,28050000,417.83,922.83,0.8885,30.0,14.749999999999996,119.99999999999999
reference_30_120,61.5,40m,7050000,43.125,-137.19,0.8186,30.0,14.624999999999996,119.99999999999999
reference_30_120,61.5,30m,10120000,172.43,513.19,0.9013,30.0,14.624999999999996,119.99999999999999
reference_30_120,61.5,20m,14050000,2337.8,2047.2,0.932,30.0,14.624999999999996,119.99999999999999
reference_30_120,61.5,17m,18080000,463.13,-1383.2,0.9173,30.0,14.624999999999996,119.99999999999999
reference_30_120,61.5,15m,21050000,122.1,-509.07,0.8717,30.0,14.624999999999996,119.99999999999999
reference_30_120,61.5,12m,24910000,128.27,179.61,0.8575,30.0,14.624999999999996,119.99999999999999
reference_30_120,61.5,10m,28050000,482.98,1009.1,0.8909999999999999,30.0,14.624999999999996,119.99999999999999
reference_30_120,62.0,40m,7050000,44.082,-125.5,0.8198000000000001,30.0,14.499999999999996,119.99999999999999
reference_30_120,62.0,30m,10120000,179.13,534.91,0.9018999999999999,30.0,14.499999999999996,119.99999999999999
reference_30_120,62.0,20m,14050000,2607.0,2020.7,0.9320999999999999,30.0,14.499999999999996,119.99999999999999
reference_30_120,62.0,17m,18080000,422.7,-1315.5,0.9159,30.0,14.499999999999996,119.99999999999999
reference_30_120,62.0,15m,21050000,117.99,-474.1,0.8692,30.0,14.499999999999996,119.99999999999999
reference_30_120,62.0,12m,24910000,136.69,218.59,0.8601000000000001,30.0,14.499999999999996,119.99999999999999
reference_30_120,62.0,10m,28050000,562.57,1101.3,0.8933,30.0,14.499999999999996,119.99999999999999
reference_30_120,62.5,40m,7050000,45.061,-113.85,0.8209000000000001,30.0,14.374999999999996,119.99999999999999
reference_30_120,62.5,30m,10120000,186.17,557.05,0.9025,30.0,14.374999999999996,119.99999999999999
reference_30_120,62.5,20m,14050000,2899.6,1952.4,0.9320999999999999,30.0,14.374999999999996,119.99999999999999
reference_30_120,62.5,17m,18080000,387.24,-1251.7,0.9144,30.0,14.374999999999996,119.99999999999999
reference_30_120,62.5,15m,21050000,114.45,-439.98,0.8667,30.0,14.374999999999996,119.99999999999999
reference_30_120,62.5,12m,24910000,146.25,258.68,0.8628,30.0,14.374999999999996,119.99999999999999
reference_30_120,62.5,10m,28050000,660.62,1199.2,0.8955,30.0,14.374999999999996,119.99999999999999
reference_30_120,63.0,40m,7050000,46.062,-102.21,0.8220000000000001,30.0,14.249999999999996,119.99999999999999
reference_30_120,63.0,30m,10120000,193.57,579.63,0.9031,30.0,14.249999999999996,119.99999999999999
reference_30_120,63.0,20m,14050000,3209.0,1830.5,0.9320999999999999,30.0,14.249999999999996,119.99999999999999
reference_30_120,63.0,17m,18080000,355.93,-1191.5,0.9127,30.0,14.249999999999996,119.99999999999999
reference_30_120,63.0,15m,21050000,111.42,-406.63,0.8644,30.0,14.249999999999996,119.99999999999999
reference_30_120,63.0,12m,24910000,157.09,300.07,0.8654999999999999,30.0,14.249999999999996,119.99999999999999
reference_30_120,63.0,10m,28050000,782.39,1301.7,0.8976000000000001,30.0,14.249999999999996,119.99999999999999
reference_30_120,63.5,40m,7050000,47.085,-90.601,0.8231,30.0,14.124999999999996,119.99999999999999
reference_30_120,63.5,30m,10120000,201.36,602.67,0.9036,30.0,14.124999999999996,119.99999999999999
reference_30_120,63.5,20m,14050000,3523.6,1643.6,0.9320999999999999,30.0,14.124999999999996,119.99999999999999
reference_30_120,63.5,17m,18080000,328.21,-1134.5,0.9109999999999999,30.0,14.124999999999996,119.99999999999999
reference_30_120,63.5,15m,21050000,108.87,-373.94,0.8621,30.0,14.124999999999996,119.99999999999999
reference_30_120,63.5,12m,24910000,169.4,342.91,0.8682,30.0,14.124999999999996,119.99999999999999
reference_30_120,63.5,10m,28050000,934.8,1406.2,0.8994,30.0,14.124999999999996,119.99999999999999
reference_30_120,64.0,40m,7050000,48.132,-79.005,0.8240999999999999,30.0,13.999999999999996,119.99999999999999
reference_30_120,64.0,30m,10120000,209.56,626.2,0.9042,30.0,13.999999999999996,119.99999999999999
reference_30_120,64.0,20m,14050000,3825.6,1382.7,0.9320999999999999,30.0,13.999999999999996,119.99999999999999
reference_30_120,64.0,17m,18080000,303.6,-1080.5,0.9092,30.0,13.999999999999996,119.99999999999999
reference_30_120,64.0,15m,21050000,106.79,-341.83,0.86,30.0,13.999999999999996,119.99999999999999
reference_30_120,64.0,12m,24910000,183.37,387.39,0.8708,30.0,13.999999999999996,119.99999999999999
reference_30_120,64.0,10m,28050000,1126.5,1507.4,0.9011,30.0,13.999999999999996,119.99999999999999
reference_30_120,64.5,40m,7050000,49.202,-67.422,0.8251999999999999,30.0,13.874999999999996,119.99999999999999
reference_30_120,64.5,30m,10120000,218.21,650.25,0.9047,30.0,13.874999999999996,119.99999999999999
reference_30_120,64.5,20m,14050000,4091.5,1045.1,0.932,30.0,13.874999999999996,119.99999999999999
reference_30_120,64.5,17m,18080000,281.62,-1029.2,0.9072,30.0,13.874999999999996,119.99999999999999
reference_30_120,64.5,15m,21050000,105.14,-310.21,0.858,30.0,13.874999999999996,119.99999999999999
reference_30_120,64.5,12m,24910000,199.29,433.71,0.8734999999999999,30.0,13.874999999999996,119.99999999999999
reference_30_120,64.5,10m,28050000,1367.7,1595.3,0.9027,30.0,13.874999999999996,119.99999999999999
reference_30_120,65.0,40m,7050000,50.298,-55.85,0.8262,30.0,13.749999999999996,119.99999999999999
reference_30_120,65.0,30m,10120000,227.32,674.84,0.9052,30.0,13.749999999999996,119.99999999999999
reference_30_120,65.0,20m,14050000,4294.8,637.77,0.9319,30.0,13.749999999999996,119.99999999999999
reference_30_120,65.0,17m,18080000,261.98,-980.41,0.9052,30.0,13.749999999999996,119.99999999999999
reference_30_120,65.0,15m,21050000,103.91,-279.02,0.8561,30.0,13.749999999999996,119.99999999999999
reference_30_120,65.0,12m,24910000,217.43,482.11,0.8761,30.0,13.749999999999996,119.99999999999999
reference_30_120,65.0,10m,28050000,1668.8,1652.5,0.9041,30.0,13.749999999999996,119.99999999999999
