candidate_index,radiator_total_ft,radiator_leg_ft,feedline_ft,wire_per_conductor_ft,trim_per_end_in,feedline_split_shift_in,valid_fraction,worst_band_line_efficiency_p10,worst_band_line_efficiency_median,worst_band_line_efficiency_p90,weighted_line_efficiency_p10,weighted_line_efficiency_median,weighted_line_efficiency_p90,maximum_raw_swr_p90,maximum_raw_swr_median,maximum_l_network_q_proxy_p90,40m_line_efficiency_p10,40m_line_efficiency_median,40m_line_efficiency_p90,30m_line_efficiency_p10,30m_line_efficiency_median,30m_line_efficiency_p90,20m_line_efficiency_p10,20m_line_efficiency_median,20m_line_efficiency_p90,17m_line_efficiency_p10,17m_line_efficiency_median,17m_line_efficiency_p90,15m_line_efficiency_p10,15m_line_efficiency_median,15m_line_efficiency_p90,12m_line_efficiency_p10,12m_line_efficiency_median,12m_line_efficiency_p90,10m_line_efficiency_p10,10m_line_efficiency_median,10m_line_efficiency_p90,match_proxy_feasible
3283,58.0,29.0,28.75,57.75,-9.0,9.0,1.0,0.1532455,0.5344909,0.90776485,0.6464724,0.83719283,0.97045434,23.458717,23.341612,4.560438,0.9586801,0.9773533,0.99552625,0.9519393,0.97382396,0.9948603,0.694909,0.83324397,0.9671451,0.1532455,0.5344909,0.90776485,0.9561089,0.9760883,0.9953035,0.4660589,0.7076046,0.9422851,0.40622124,0.67459244,0.93572205,True
3282,58.0,29.0,28.5,57.5,-6.0,6.0,1.0,0.15438224,0.5366633,0.9084935,0.6479875,0.8382663,0.9706998,24.666868,24.586744,4.5626173,0.9590248,0.9775458,0.995565,0.95233744,0.97404575,0.99490476,0.69675756,0.834454,0.9674215,0.15438224,0.5366633,0.9084935,0.95647424,0.97629136,0.99534416,0.46823305,0.7094084,0.94275826,0.4083297,0.6765068,0.9362454,True
3202,57.75,28.875,28.75,57.625,-7.5,9.0,1.0,0.18371211,0.5995339,0.9153832,0.66411215,0.8521264,0.97118986,25.259275,24.132362,4.4936676,0.9557478,0.97599363,0.9953046,0.95276356,0.9744818,0.9949986,0.68817276,0.83185565,0.9657998,0.18371211,0.61183095,0.91644263,0.95766395,0.9771549,0.9955191,0.44835022,0.723127,0.9396623,0.4292377,0.7663804,0.9382342,True
3201,57.75,28.875,28.5,57.375,-4.5,6.0,1.0,0.18502547,0.601629,0.9160573,0.66563314,0.8531337,0.97142965,26.30852,25.260868,4.5111856,0.95611584,0.9761975,0.99534523,0.9531552,0.9746982,0.99504185,0.690044,0.83307374,0.9660871,0.18502547,0.6139033,0.917109,0.95801693,0.97734916,0.9955579,0.45051146,0.72487235,0.94015557,0.43137884,0.7679408,0.9387384,True
3200,57.75,28.875,28.25,57.125,-1.5,3.0,1.0,0.18635775,0.6037389,0.9167323,0.6671648,0.8541446,0.97166955,27.74218,26.619831,4.5251513,0.95648414,0.9764014,0.9953859,0.9535472,0.97491467,0.9950851,0.6919254,0.8342954,0.9663746,0.18635775,0.6159897,0.91777635,0.9583702,0.9775435,0.9955967,0.45269358,0.72662604,0.94064933,0.43354145,0.7695075,0.93924314,True
3121,57.5,28.75,28.75,57.5,-6.0,9.0,1.0,0.19297269,0.63114226,0.9252235,0.664264,0.8743229,0.9710656,28.419865,25.27685,4.463004,0.951812,0.97374415,0.9950272,0.953114,0.97486633,0.99514395,0.6758255,0.84386826,0.96425456,0.1998441,0.7298595,0.9284892,0.9588403,0.9779544,0.99569553,0.41500157,0.7194857,0.9386883,0.43980813,0.8127953,0.9430318,True
3120,57.5,28.75,28.5,57.25,-3.0,6.0,1.0,0.1943365,0.63317317,0.92582554,0.66581285,0.87520134,0.97130674,29.370636,26.448633,4.479747,0.95221114,0.9739666,0.9950702,0.95350283,0.9750795,0.99518603,0.67773604,0.84501565,0.96455437,0.20124437,0.731578,0.9290669,0.95918393,0.978142,0.9957328,0.41712362,0.72124505,0.939189,0.44196117,0.81412053,0.94349915,True
3119,57.5,28.75,28.25,57.0,0.0,3.0,1.0,0.19571973,0.6352172,0.9264283,0.66737247,0.8760827,0.971548,30.822338,27.667427,4.4904785,0.95261055,0.97418904,0.99511325,0.95389205,0.9752927,0.99522805,0.6796575,0.8461661,0.9648544,0.2026644,0.7333046,0.92964536,0.9595278,0.97832966,0.99577004,0.41926742,0.7230129,0.9396903,0.44413537,0.8154502,0.94396704,True
3040,57.25,28.625,28.75,57.375,-4.5,9.0,1.0,0.20821375,0.6776604,0.9257432,0.66433823,0.8933394,0.97193193,32.328587,26.857899,4.4187984,0.9475013,0.9713007,0.99465704,0.9541559,0.9752711,0.9952916,0.66256595,0.8679274,0.96477956,0.21351121,0.751321,0.9363719,0.96063215,0.97880554,0.9958786,0.3865099,0.7335281,0.9450262,0.44624847,0.8220069,0.9504253,True
3039,57.25,28.625,28.5,57.125,-1.5,6.0,1.0,0.20965728,0.6795653,0.92634135,0.6658881,0.89409864,0.97216606,33.455,27.991014,4.4348803,0.94793415,0.97154325,0.99470323,0.9545367,0.9754809,0.9953323,0.66451585,0.86892533,0.9650751,0.21498153,0.75294924,0.9368903,0.9609615,0.9789861,0.99591434,0.388583,0.73523176,0.94547826,0.4484078,0.8232814,0.9508352,True
3038,57.25,28.625,28.25,56.875,1.5,3.0,1.0,0.21112101,0.681481,0.9269403,0.6674488,0.89486,0.9724004,35.27449,29.11606,4.446184,0.94836736,0.9717859,0.9947495,0.9549177,0.97569084,0.9953731,0.6664773,0.8699256,0.96537083,0.21647221,0.75458455,0.9374092,0.9612912,0.9791666,0.99595,0.39067844,0.7369433,0.9459308,0.45058814,0.8245599,0.9512455,True
3037,57.25,28.625,28.0,56.625,4.5,0.0,1.0,0.21260528,0.68340755,0.92754,0.66902065,0.8956237,0.9726349,37.124443,31.201101,4.452279,0.948801,0.9720286,0.99479574,0.9552991,0.97590077,0.9954139,0.6684504,0.8709282,0.9656668,0.21798374,0.7562269,0.9379288,0.96162105,0.97934735,0.9959857,0.3927966,0.7386629,0.9463837,0.45278978,0.8258423,0.9516561,True
2959,57.0,28.5,28.75,57.25,-3.0,9.0,1.0,0.22881483,0.69120723,0.9346776,0.66266716,0.89993775,0.9717635,37.130173,28.598448,4.4213843,0.9425882,0.9702173,0.99424857,0.9554302,0.9756317,0.995446,0.6474117,0.8626042,0.9634724,0.22881483,0.7754184,0.945968,0.9620819,0.9794778,0.9960585,0.35912874,0.72247636,0.9566262,0.45303342,0.8312036,0.9575152,True
2958,57.0,28.5,28.5,57.0,0.0,6.0,1.0,0.23035966,0.6930684,0.9352089,0.66424143,0.900685,0.97199917,38.93001,29.32586,4.438305,0.94305915,0.97046864,0.99429834,0.95580095,0.97583854,0.9954854,0.6494029,0.86363614,0.9637785,0.23035966,0.77693564,0.9464126,0.96239954,0.97965276,0.9960927,0.3611414,0.7242241,0.95698726,0.4551986,0.8324254,0.95786905,True
2957,57.0,28.5,28.25,56.75,3.0,3.0,1.0,0.23192546,0.6949396,0.9357408,0.6658268,0.901434,0.9722349,41.003628,30.892155,4.4509583,0.9435305,0.9707202,0.994348,0.9561718,0.9760455,0.9955249,0.65140635,0.8646704,0.96408486,0.23192546,0.7784589,0.9468577,0.9627174,0.97982776,0.99612683,0.3631768,0.72598034,0.9573485,0.4573846,0.8336509,0.9582232,True
2956,57.0,28.5,28.0,56.5,6.0,0.0,1.0,0.23351271,0.696821,0.93627334,0.6674233,0.90218484,0.9724709,43.232952,32.659378,4.459349,0.94400233,0.9709718,0.99439776,0.956543,0.97625244,0.9955643,0.65342224,0.8657072,0.9643914,0.23351271,0.7799881,0.94730324,0.96303546,0.9800029,0.996161,0.3652352,0.7277451,0.95771015,0.45959166,0.83487993,0.9585777,True
2878,56.75,28.375,28.75,57.125,-1.5,9.0,1.0,0.24038932,0.69015217,0.947433,0.6583042,0.89780974,0.9717163,43.30292,30.461445,4.479445,0.9351654,0.9689247,0.993759,0.95604634,0.9761616,0.9956089,0.6322893,0.8652885,0.96438324,0.24038932,0.79373264,0.95389557,0.962944,0.9803772,0.99621654,0.33217406,0.7182288,0.96411324,0.4651795,0.8389935,0.9615347,True
2877,56.75,28.375,28.5,56.875,1.5,6.0,1.0,0.24198778,0.69201666,0.9478664,0.65992844,0.89856696,0.9719524,45.588493,31.2812,4.4991493,0.93569297,0.96918666,0.993813,0.956412,0.976364,0.99564695,0.63431764,0.8663033,0.96468204,0.24198778,0.79515886,0.9542781,0.96325463,0.9805447,0.9962493,0.3341145,0.71999305,0.9644143,0.46735314,0.8401698,0.9618564,True
2876,56.75,28.375,28.25,56.625,4.5,3.0,1.0,0.24360763,0.6938913,0.9483001,0.6615641,0.899326,0.9721886,48.105537,32.95177,4.5148826,0.9362211,0.9694487,0.99386686,0.956778,0.97656655,0.9956849,0.63635904,0.8673205,0.9649811,0.24360763,0.7965902,0.954661,0.9635655,0.9807122,0.99628204,0.3360777,0.72176594,0.96471554,0.46954718,0.8413494,0.9621784,True
