selection_category,radiator_total_ft,feedline_ft,band,r_input_p10_ohm,r_input_median_ohm,r_input_p90_ohm,x_input_p10_ohm,x_input_median_ohm,x_input_p90_ohm,raw_swr_p10,raw_swr_median,raw_swr_p90,line_efficiency_p10,line_efficiency_median,line_efficiency_p90
measured_baseline,58.0,28.0,40m,35.499999999999964,35.5,35.500000000000036,-211.00000000000003,-211.0,-210.99999999999997,27.163890647614952,27.163890647615,27.163890647615045,0.9597149026085049,0.9779310965018073,0.9956424462851005
measured_baseline,58.0,28.0,30m,30.999999999999975,31.0,31.000000000000036,-25.500000000000036,-25.499999999999996,-25.49999999999996,2.1973193768721537,2.197319376872156,2.1973193768721573,0.953134713323402,0.9744895496058507,0.994993683450462
measured_baseline,58.0,28.0,20m,5.799999999999966,5.800000000000001,5.800000000000035,-71.80000000000004,-71.8,-71.79999999999997,26.475608696211733,26.47560869621186,26.475608696212028,0.7004844545171285,0.8368846938395917,0.9679747231331144
measured_baseline,58.0,28.0,17m,2.299999999999964,2.3000000000000016,2.3000000000000367,-35.100000000000044,-35.1,-35.099999999999966,32.46746080157933,32.46746080157989,32.46746080158039,0.15670712033146156,0.5410615098364453,0.9099543176090057
measured_baseline,58.0,28.0,15m,49.099999999999966,49.10000000000001,49.100000000000044,2.2999999999999496,2.3000000000000074,2.3000000000000473,1.0511048586077951,1.0511048586077962,1.051104858607797,0.9572057977345796,0.9766977933038336,0.9954254826325277
measured_baseline,58.0,28.0,12m,4.299999999999965,4.299999999999997,4.300000000000024,-16.000000000000014,-16.0,-15.999999999999991,12.826641922802615,12.826641922802677,12.826641922802773,0.47264274329390893,0.7130437138299249,0.9437059839577344
measured_baseline,58.0,28.0,10m,4.099999999999968,4.100000000000005,4.1000000000000325,-21.400000000000052,-21.4,-21.399999999999967,14.441829867829409,14.441829867829503,14.441829867829632,0.41261296779647616,0.6803682726925879,0.937293737945016
recommended_reversible_trim_test,57.0,28.0,40m,20.417487235636937,28.331100630298128,36.7670033144816,-207.19227558252646,-205.97256553371457,-203.6267707270565,25.133100177723474,32.47598621390745,43.232951033557754,0.9440023310240724,0.9709717964137049,0.9943977751741557
recommended_reversible_trim_test,57.0,28.0,30m,29.29707342659178,35.31862619241838,41.97016252614773,-30.981192019372944,-27.508399098557113,-20.03078568960147,1.9219418161827095,2.0401778663340084,2.1205881224031677,0.9565430581778491,0.976252473103161,0.99556429124719
recommended_reversible_trim_test,57.0,28.0,20m,4.393705522236668,5.1122080864660555,21.724279239209558,-71.86095897023958,-71.62036065578768,-57.572745558481984,5.560819580335361,29.96145031246038,34.880714622611514,0.6534222300494602,0.8657072250457123,0.9643913866658452
recommended_reversible_trim_test,57.0,28.0,17m,2.4402832472372142,3.0291394598134946,16.239825691237158,-35.01188377342162,-34.58296377827406,-16.53888590720953,3.457177720816396,24.471680629825432,30.531835711300445,0.23351271215824712,0.779988115649305,0.9473032562646282
recommended_reversible_trim_test,57.0,28.0,15m,50.3682312801638,58.38005158725279,71.45330909940843,-16.94833693213567,-4.692775004449841,32.431474898878285,1.1623342635639884,1.5327095781299285,1.9056517475279817,0.9630354739432888,0.9800028984131479,0.9961609756164092
recommended_reversible_trim_test,57.0,28.0,12m,2.687581266738477,3.566017126173774,29.33722055595636,-15.508344579718175,-14.902120759005435,9.47848087046091,1.7655797315798585,15.099911132961289,20.18030396454482,0.3652352137886287,0.7277451287849076,0.9577101706521282
recommended_reversible_trim_test,57.0,28.0,10m,4.099508266218714,4.721492174440181,25.259794654986223,-23.300308715927258,-22.073241880770077,35.144813181531454,2.240296747159779,12.726575594547576,14.596886240405352,0.45959165102510435,0.8348799532602313,0.9585776758984509
model_best_under_match_proxy,56.75,28.25,40m,17.22593564918351,26.216676141480143,36.750368867794606,-200.429210334368,-198.6728810244536,-196.92766313920316,23.422582348272197,32.95177144271889,48.105534210700526,0.9362211529140089,0.9694487066893245,0.9938668829909013
model_best_under_match_proxy,56.75,28.25,30m,28.880670474624644,36.55053530284382,45.51031826453823,-24.555159034361193,-19.777769053966423,-10.687045503114062,1.6263090701960494,1.7226821010542452,1.8709096225315305,0.9567780002147879,0.9765665483519802,0.9956849611792751
model_best_under_match_proxy,56.75,28.25,20m,4.103872655462947,4.934550190248885,25.580286894929355,-60.80443450307377,-60.196128773723714,-42.67304555803477,3.5720357895983503,24.93675188909262,30.226022252503714,0.6363590219184633,0.8673204737333464,0.9649811028519992
model_best_under_match_proxy,56.75,28.25,17m,2.494652516031587,3.2105620346596915,19.603783252509405,-20.850475431148116,-19.880947482140613,2.615807192428133,2.554829900078601,17.97963587373487,23.520460725333027,0.24360762176240897,0.7965902339726576,0.9546610661820973
model_best_under_match_proxy,56.75,28.25,15m,50.763478086826304,61.21687409874666,78.77444096245151,-5.190217473538455,10.450182131883597,57.29888331180331,1.307509484653414,1.5464487754393765,3.0023234783607906,0.9635655176956212,0.9807122055170452,0.9962820769701389
model_best_under_match_proxy,56.75,28.25,12m,2.368780517107096,3.440315791207543,35.80533140909795,3.8199111091617572,4.991122473412985,36.87158028360829,2.371492540571096,14.639000616553712,21.28447068438588,0.33607766782234105,0.7217659427625283,0.9647155576229749
model_best_under_match_proxy,56.75,28.25,10m,4.149636626226324,4.951316226745038,30.09734774381613,-1.7207450324855451,0.009908102321400235,71.17025936264719,3.5493667556020716,10.09975741941636,12.056174017933065,0.469547186225281,0.8413494377638248,0.9621784740270742
best_trim_only_under_match_proxy,57.0,27.75,40m,20.62026571364653,28.62301410827525,37.139438602450234,-213.8467423036518,-212.61495689691475,-210.2500139837373,26.390843275595373,34.11166324605479,45.49265426168329,0.9444746459297592,0.9712235643819099,0.9944475185846888
best_trim_only_under_match_proxy,57.0,27.75,30m,29.344445471867516,35.390816795137674,42.064591079187316,-38.82418128637992,-35.49039225162785,-28.015033768992055,2.2440802406280755,2.3755469933412705,2.4777382527195164,0.9569145613732584,0.9764595582023216,0.9956037235268096
best_trim_only_under_match_proxy,57.0,27.75,20m,4.414785689935783,5.145839717930855,21.867226644384317,-83.50706281660212,-82.83202523729824,-68.85341843696959,6.86506890204274,36.62528389055673,42.72783416934006,0.6554506064880921,0.8667465265879416,0.9646980992744649
best_trim_only_under_match_proxy,57.0,27.75,17m,2.437927453037514,3.043517343266347,16.28495820421928,-49.63947346833838,-48.81167042940051,-30.689938544586077,4.328410971466916,32.416132494053684,40.508186438750485,0.2351218370798217,0.7815233551608258,0.9477491793449788
best_trim_only_under_match_proxy,57.0,27.75,15m,50.168377569375835,58.45516844184,71.65520497308779,-33.41156856469063,-20.73631899733155,15.517097723824712,1.3483436406620828,1.5142821766192494,1.963149601824862,0.9633537326634926,0.9801780442944175,0.9961951260514961
best_trim_only_under_match_proxy,57.0,27.75,12m,2.6968263492794984,3.5631271908595514,29.342734113360354,-35.52914270235158,-34.424504481586084,-10.5768606063414,1.8187695271083966,20.56796475641611,27.296927526641213,0.36731710639027554,0.7295185006745996,0.9580720348132702
best_trim_only_under_match_proxy,57.0,27.75,10m,4.121156223423708,4.743378001455171,25.22349252183925,-45.673577883151744,-44.16135938934292,13.183098213752865,2.0214146979114087,18.997637383381083,21.811652861262157,0.4618201254231315,0.8361126549697,0.9589323734366079
best_priority_weighted_under_match_proxy,57.25,27.75,40m,24.191460021503968,30.563991306586924,36.80828286732034,-214.44282975041224,-213.6018898868001,-210.59077081059615,26.909708902591486,32.14416345045271,39.05834004671167,0.9492349970907257,0.9722714288827121,0.9948419239332884
best_priority_weighted_under_match_proxy,57.25,27.75,30m,29.751907691256147,34.183652524336544,38.82445034207142,-37.531644173902805,-35.054647451378074,-29.388302043934054,2.3187696764696764,2.4234147581329024,2.504841374262393,0.9556806873196827,0.9761108818079489,0.9954546268843534
best_priority_weighted_under_match_proxy,57.25,27.75,20m,4.720010612768191,5.309597149423755,17.86195753171051,-83.46472555173975,-82.81879093983605,-72.62298915283898,8.902549424082002,35.544785638730346,40.00332742840855,0.670435177188474,0.8719331185798145,0.9659628952588385
best_priority_weighted_under_match_proxy,57.25,27.75,17m,2.3992360935717554,2.7787183782838785,12.863115797388657,-49.759749154302426,-48.948555560655585,-35.59756351297738,5.958268426450914,34.96139204061247,41.24929613430676,0.2195165057410738,0.7578764720785682,0.9384488961012936
best_priority_weighted_under_match_proxy,57.25,27.75,15m,50.06172045056361,55.8007301215633,64.99952317455762,-28.6795807551121,-19.38436614213186,7.826250246476997,1.1785475963904577,1.4693040663030756,1.7749770504998401,0.9619510848997735,0.9795280350685267,0.9960213970308142
best_priority_weighted_under_match_proxy,57.25,27.75,12m,2.9946971542139407,3.8032984361809055,23.095761853215866,-35.590634824450575,-34.48224503756879,-17.355339061114915,2.485622623865515,19.706670988648604,23.651676187340676,0.3949378607656807,0.7403905305567708,0.9468371284628609
best_priority_weighted_under_match_proxy,57.25,27.75,10m,4.090177853544534,4.545109140693594,20.358638672067137,-45.2476816616879,-43.96308035453537,-1.0998884983328376,2.760000090152317,19.726202250726473,21.86975185531433,0.4550130471700511,0.8271287413347497,0.9520670394867417
highest_robust_efficiency_without_match_proxy,56.75,18.0,40m,35.7103381192612,54.317573196814834,75.19222315812682,-581.4080238086957,-569.5787226857151,-557.8682064209115,86.79680114919132,123.05145273945011,183.92150916113826,0.9584011874162345,0.9803163285452983,0.9960834919234719
highest_robust_efficiency_without_match_proxy,56.75,18.0,30m,49.22536223976874,65.72957803110813,82.98762557803235,-437.2881085202722,-418.5477726919727,-402.86261848050464,47.01423259286462,55.83829012387112,69.5912321480506,0.9720254330955279,0.9849427126452175,0.9972463327435275
highest_robust_efficiency_without_match_proxy,56.75,18.0,20m,16.116504248402922,20.993539946342338,96.55779594634936,-948.6675937364583,-884.8361985907984,-814.3167905359805,135.70592256490647,786.5764035170707,969.3037784681173,0.7330861312800798,0.9111856788011048,0.9774015902591154
highest_robust_efficiency_without_match_proxy,56.75,18.0,17m,20.337586986353784,37.77298705514379,157.31071090753818,-1770.4735312310536,-1499.4697918597255,-1270.7244793990794,208.92684415775273,1377.9250604560857,2283.9124157140113,0.3357548517751154,0.8600668277974202,0.9706282117687699
highest_robust_efficiency_without_match_proxy,56.75,18.0,15m,586.4847806113482,1322.9500383834988,2240.3938219603756,-1779.0279817628914,-1537.6140790529794,-1212.6580422714974,55.8115154111303,69.7950341100717,84.09886538422008,0.9764819005629541,0.98762757543185,0.9976279605919034
highest_robust_efficiency_without_match_proxy,56.75,18.0,12m,96.46928391228576,293.13531340955535,5167.493611423592,2566.117962788962,3565.136895720603,7474.970990793506,128.776488067495,1517.3123194408126,2221.795585548198,0.4427325584169794,0.8028142657257442,0.9772292815695702
highest_robust_efficiency_without_match_proxy,56.75,18.0,10m,22.942605950923937,48.935906604670436,603.5536562454819,1074.6332252254892,1466.748325734534,2376.8584307811398,147.0589144022983,892.1570079976691,1114.4431418166555,0.5814634539890042,0.8927396149223353,0.9755671989951421
