candidate_id,label,band,frequency_hz,scenario,raw_resistance_ohm,raw_reactance_ohm,raw_swr_50ohm,tuner_plane_resistance_ohm,tuner_plane_reactance_ohm,tuner_plane_raw_swr,nec_radiation_efficiency,nec_loss_db,transformer_loss_db,choke_loss_db,feedline_loss_db,tuner_internal_loss_db,residual_input_swr,residual_mismatch_efficiency,residual_mismatch_loss_db,topology,l_mask,c_mask,inductance_uH,capacitance_pF,final_efficiency,total_loss_db,likely_power_rollback
linked-dipole-five-band,Five-band resonant linked dipole,40m,7050000,representative nominal,55.96,-0.00099785,1.1192000017646153,55.96,-0.00099785,1.1192000017646153,0.8311,0.8034671768963584,0.0,0.0,-0.0,0.0,1.1192000017646153,0.9968362028363807,0.013761978051306838,bypass,0,0,0.0,0.0,0.828470568177316,0.817229154947665,False
linked-dipole-five-band,Five-band resonant linked dipole,30m,10120000,representative nominal,65.388,-0.0019043,1.30776000267089,65.388,-0.0019043,1.30776000267089,0.8784000000000001,0.5630767289398328,0.0,0.0,-0.0,0.03973720032795031,1.0971649769587224,0.9978533842503993,0.0093326541469299,load_shunt,1,2,0.35,120.0,0.8685310351263256,0.6121465834147132,False
linked-dipole-five-band,Five-band resonant linked dipole,20m,14050000,representative nominal,64.894,-0.0019163,1.2978800027851773,64.894,-0.0019163,1.2978800027851773,0.8951,0.48128442871635646,0.0,0.0,-0.0,0.0,1.2978800027851773,0.9831954066707408,0.07360159070148563,bypass,0,0,0.0,0.0,0.88005820851098,0.5548860194178422,False
linked-dipole-five-band,Five-band resonant linked dipole,17m,18080000,representative nominal,53.881,-0.0062426,1.0776201041637565,53.881,-0.0062426,1.0776201041637565,0.8887,0.5124481983173015,0.0,0.0,-0.0,0.0,1.0776201041637565,0.9986042225931554,0.0060660186489715495,bypass,0,0,0.0,0.0,0.8874595726185373,0.518514216966273,False
linked-dipole-five-band,Five-band resonant linked dipole,15m,21050000,representative nominal,51.141,-0.012721,1.0228214342195456,51.141,-0.012721,1.0228214342195456,0.8917,0.497812333581366,0.0,0.0,-0.0,0.0,1.0228214342195456,0.9998727168909698,0.0005528187019010424,bypass,0,0,0.0,0.0,0.8915865016516779,0.49836515228326683,False
direct-41r-28c-linked14,41/28 ft direct wire with a 14 ft 17 m counterpoise link,40m,7050000,representative nominal,67.584,57.332,2.6928492790887977,67.584,57.332,2.6928492790887977,0.9177,0.3729926829565891,0.0,0,-0.0,0.08255596054889645,1.195645546773599,0.9920600919757532,0.03462020564514899,load_shunt,4,6,1.4,360.0,0.8932707536258735,0.49016884915063424,False
direct-41r-28c-linked14,41/28 ft direct wire with a 14 ft 17 m counterpoise link,30m,10120000,representative nominal,521.7,1214.1,67.02397971765343,521.7,1214.1,67.02397971765343,0.9416,0.2613355016462173,0.0,0,-0.0,0.6398382985542351,1.4584491289923716,0.9652255834894036,0.15371175552074848,load_shunt,14,1,4.8999999999999995,60.0,0.7843527876931334,1.0548855557212011,False
direct-41r-28c-linked14,41/28 ft direct wire with a 14 ft 17 m counterpoise link,20m,14050000,representative nominal,407.5,32.008,8.201046529787456,407.5,32.008,8.201046529787456,0.9440000000000001,0.25028005701931,0.0,0,-0.0,0.13788556246639008,1.5824315464056442,0.9491334663894136,0.2267271313556811,load_shunt,5,1,1.75,60.0,0.8679820118707394,0.614892750841381,False
direct-41r-28c-linked14,41/28 ft direct wire with a 14 ft 17 m counterpoise link,17m,18080000,representative nominal,85.775,69.17,3.090431561645858,85.775,69.17,3.090431561645858,0.9255,0.33623576911077085,0.0,0,-0.0,0.09501552714134459,1.3427894452687408,0.9785913952164883,0.09398607323706637,load_shunt,2,2,0.7,120.0,0.8860867920707951,0.5252373694891815,False
direct-41r-28c-linked14,41/28 ft direct wire with a 14 ft 17 m counterpoise link,15m,21050000,representative nominal,313.21,-9.0038,6.269511870635551,313.21,-9.0038,6.269511870635551,0.9423,0.2581080888183278,0.0,0,-0.0,0.1539346112253661,1.4029927643227587,0.9718751917077908,0.12389503626056284,load_shunt,2,1,0.7,60.0,0.883906293988384,0.5359377363042568,False
direct-41r-28c-z1,41/28 ft direct wire without the 17 m link,40m,7050000,representative nominal,67.584,57.332,2.6928492790887977,67.584,57.332,2.6928492790887977,0.9177,0.3729926829565891,0.0,0,-0.0,0.08255596054889645,1.195645546773599,0.9920600919757532,0.03462020564514899,load_shunt,4,6,1.4,360.0,0.8932707536258735,0.49016884915063424,False
direct-41r-28c-z1,41/28 ft direct wire without the 17 m link,30m,10120000,representative nominal,521.7,1214.1,67.02397971765343,521.7,1214.1,67.02397971765343,0.9416,0.2613355016462173,0.0,0,-0.0,0.6398382985542351,1.4584491289923716,0.9652255834894036,0.15371175552074848,load_shunt,14,1,4.8999999999999995,60.0,0.7843527876931334,1.0548855557212011,False
direct-41r-28c-z1,41/28 ft direct wire without the 17 m link,20m,14050000,representative nominal,407.5,32.008,8.201046529787456,407.5,32.008,8.201046529787456,0.9440000000000001,0.25028005701931,0.0,0,-0.0,0.13788556246639008,1.5824315464056442,0.9491334663894136,0.2267271313556811,load_shunt,5,1,1.75,60.0,0.8679820118707394,0.614892750841381,False
direct-41r-28c-z1,41/28 ft direct wire without the 17 m link,17m,18080000,representative nominal,783.43,-1163.7,50.28352864576245,783.43,-1163.7,50.28352864576245,0.9545999999999999,0.20178569969774893,0.0,0,-0.0,1.0280260972834245,5.983467728870028,0.49076172377021443,3.091293167755472,load_shunt,3,1,1.0499999999999998,60.0,0.3697340972779151,4.321104964736646,True
direct-41r-28c-z1,41/28 ft direct wire without the 17 m link,15m,21050000,representative nominal,313.21,-9.0038,6.269511870635551,313.21,-9.0038,6.269511870635551,0.9423,0.2581080888183278,0.0,0,-0.0,0.1539346112253661,1.4029927643227587,0.9718751917077908,0.12389503626056284,load_shunt,2,1,0.7,60.0,0.883906293988384,0.5359377363042568,False
direct-52r-28c-z4,52/28 ft direct wire with 4:1 transformer,40m,7050000,representative nominal,151.85,428.25,27.48505023623112,37.9625,107.0625,7.989972695391774,0.9192,0.3658998431977123,0.35,0.2,-0.0,0.18141903944642895,1.153569683701454,0.9949149746571058,0.022140324352231257,load_shunt,7,6,2.4499999999999997,360.0,0.7727768069657441,1.1194592069963725,False
direct-52r-28c-z4,52/28 ft direct wire with 4:1 transformer,30m,10120000,representative nominal,472.21,-987.97,50.871556516544615,118.0525,-246.9925,13.043204290251067,0.9356,0.2890978686288457,0.35,0.2,-0.0,0.29615863286535027,1.5732400092288537,0.950373642695275,0.22105616755484256,load_shunt,6,1,2.0999999999999996,60.0,0.7317601129214797,1.356312669049039,False
direct-52r-28c-z4,52/28 ft direct wire with 4:1 transformer,20m,14050000,representative nominal,326.86,729.81,39.254957236517946,81.715,182.4525,10.296628856786539,0.9376000000000001,0.2798240132598452,0.35,0.2,-0.0,0.21442786717037035,1.1356352293461411,0.9959664182863047,0.01755304747810799,load_shunt,5,2,1.75,120.0,0.7831041170481171,1.0618049279083235,False
direct-52r-28c-z4,52/28 ft direct wire with 4:1 transformer,17m,18080000,representative nominal,1872.6,-674.78,42.31812753812352,468.15,-168.695,10.59114922229112,0.9394,0.2714944415276989,0.35,0.2,-0.0,0.2567533879612261,1.5301425161818236,0.9560968884627906,0.19498095179305602,load_shunt,3,1,1.0499999999999998,60.0,0.7458940140616004,1.2732287812819811,False
direct-52r-28c-z4,52/28 ft direct wire with 4:1 transformer,15m,21050000,representative nominal,204.83,-757.72,60.38425248470485,51.2075,-189.43,15.952912046143163,0.9362,0.2863136320857667,0.35,0.2,-0.0,0.23041857043186115,1.119001453362361,0.9968461428272535,0.013718672424453883,source_shunt,4,0,1.4,0.0,0.7797491544854258,1.080450874942082,False
direct-44r-14c-z4,44/14 ft direct wire with 4:1 transformer,40m,7050000,representative nominal,74.567,-317.72,29.202882044585987,18.64175,-79.43,9.72092761458254,0.9297,0.3165716904105456,0.35,0.2,-0.0,0.3815289285998099,1.387273816785992,0.9736832774477187,0.11582288733086599,source_shunt,7,7,2.4499999999999997,420.0,0.7304788555619023,1.3639235063412216,False
direct-44r-14c-z4,44/14 ft direct wire with 4:1 transformer,30m,10120000,representative nominal,1447.5,1239.3,50.18554185254298,361.875,309.825,12.601545309364349,0.9459000000000001,0.2415477453243287,0.35,0.2,-0.0,0.275382676003573,1.2782125520730234,0.9850870020025501,0.06525411308452488,load_shunt,7,2,2.4499999999999997,120.0,0.7705157962412246,1.1321845344124268,False
direct-44r-14c-z4,44/14 ft direct wire with 4:1 transformer,20m,14050000,representative nominal,99.354,-492.75,51.34710880324202,24.8385,-123.1875,14.660627374658162,0.9329000000000001,0.30164906924202534,0.35,0.2,-0.0,0.3960565334541841,1.3065691499956413,0.9823345810621354,0.07740567242941035,source_shunt,5,3,1.75,180.0,0.7370362907193303,1.32511127512562,False
direct-44r-14c-z4,44/14 ft direct wire with 4:1 transformer,17m,18080000,representative nominal,112.28,245.03,13.310424765045319,28.07,61.2575,4.808349189405979,0.9259999999999999,0.333890133180657,0.35,0.2,-0.0,0.08847288528695499,1.4538358011456654,0.9657936678816756,0.15115646329607013,load_shunt,2,3,0.7,180.0,0.772054665647757,1.1235194817636815,False
direct-44r-14c-z4,44/14 ft direct wire with 4:1 transformer,15m,21050000,representative nominal,1080.3,1410.7,58.478180174867724,270.075,352.675,14.72949203794223,0.9334,0.2993220345086288,0.35,0.2,-0.0,0.2766938635871832,1.6168944149683369,0.9444288638320666,0.2483074839187441,load_shunt,3,1,1.0499999999999998,60.0,0.7287316999176732,1.374323382014556,False
direct-44r-12c-z4,44/12 ft direct wire with 4:1 transformer,40m,7050000,representative nominal,74.617,-442.98,54.74109723724505,18.65425,-110.745,16.140718347197204,0.9319,0.3063068826647254,0.35,0.2,-0.0,0.47473392123127256,1.3509355958849159,0.9777170144016907,0.09786827081254362,source_shunt,9,7,3.15,420.0,0.719629722568507,1.4289090747085418,False
direct-44r-12c-z4,44/12 ft direct wire with 4:1 transformer,30m,10120000,representative nominal,1441.8,1132.6,46.64342411589124,360.45,283.15,11.710870871424422,0.9465,0.2387938170018444,0.35,0.2,-0.0,0.26002493878245403,1.2530671298112979,0.9873839553977385,0.05513934174256052,load_shunt,7,2,2.4499999999999997,120.0,0.7755399784431972,1.1039580975268595,False
direct-44r-12c-z4,44/12 ft direct wire with 4:1 transformer,20m,14050000,representative nominal,95.264,-582.6,73.67596133472746,23.816,-145.65,20.341437482189466,0.9334,0.2993220345086288,0.35,0.2,-0.0,0.41003761998395727,1.7176747299294854,0.9302634662823775,0.31394034512772256,source_shunt,5,2,1.75,120.0,0.696097381425823,1.573299999620309,False
direct-44r-12c-z4,44/12 ft direct wire with 4:1 transformer,17m,18080000,representative nominal,103.81,137.73,6.04714974241263,25.9525,34.4325,3.02919263544691,0.9261,0.3334211579824218,0.35,0.2,-0.0,0.06984026489151687,1.1678331962756474,0.9940061757260165,0.026109173376979242,load_shunt,1,4,0.35,240.0,0.7981103454828106,0.9793705962509182,False
direct-44r-12c-z4,44/12 ft direct wire with 4:1 transformer,15m,21050000,representative nominal,1032.2,1249.2,50.9091981065199,258.05,312.3,12.835954910083672,0.9339,0.2969962459782231,0.35,0.2,-0.0,0.23735551861027174,1.4674887931752543,0.9641051592602882,0.1587559307263255,load_shunt,3,1,1.0499999999999998,60.0,0.7510852451372133,1.2431076953148206,False
direct-41r-12c-z4,41/12 ft direct wire with 4:1 transformer,40m,7050000,representative nominal,62.089,-525.07,90.84358751072271,15.52225,-131.2675,25.69458875033308,0.9328,0.3021146258506115,0.35,0.2,-0.0,0.6174267617062354,1.5039067919528537,0.9594991528173517,0.17955404385426563,source_shunt,10,7,3.5,420.0,0.6840541103913873,1.6490954314111128,False
direct-41r-12c-z4,41/12 ft direct wire with 4:1 transformer,30m,10120000,representative nominal,484.49,607.12,24.96873252616584,121.1225,151.78,6.484998505778856,0.948,0.23191662661933765,0.35,0.2,-0.0,0.1606365741109696,1.047400589534349,0.999464003642563,0.002328426673418694,load_shunt,5,3,1.75,180.0,0.8044736752271822,0.9448816274037258,False
direct-41r-12c-z4,41/12 ft direct wire with 4:1 transformer,20m,14050000,representative nominal,159.12,-820.14,88.02896111780576,39.78,-205.035,23.145230766443486,0.9415,0.26179675647316386,0.35,0.2,-0.0,0.3401953920073051,1.0904252334240885,0.9981288439900439,0.00813393960948524,source_shunt,7,1,2.4499999999999997,60.0,0.7655743797781547,1.1601260880899542,False
direct-41r-12c-z4,41/12 ft direct wire with 4:1 transformer,17m,18080000,representative nominal,77.632,-36.028,2.041198574152152,19.408,-9.007,2.674053784851605,0.925,0.3385826726096737,0.35,0.2,-0.0,0.16135860475225638,1.380346663203805,0.9744683548223864,0.11232259726622952,source_shunt,1,3,0.35,180.0,0.7651976234697178,1.16226387462816,False
direct-41r-12c-z4,41/12 ft direct wire with 4:1 transformer,15m,21050000,representative nominal,234.38,583.6,33.93443143108273,58.595,145.9,9.182049796252526,0.9336,0.2983915696268625,0.35,0.2,-0.0,0.29814222470183843,2.075047864917451,0.8777773089581496,0.5661565010489444,load_shunt,2,2,0.7,120.0,0.6741103116635647,1.712690295377646,False
direct-42r-24c-z4,42/24 ft direct wire with 4:1 transformer,40m,7050000,representative nominal,68.335,-11.971,1.4512884117507794,17.08375,-2.99275,2.9386228988814667,0.9206,0.35929029442044574,0.35,0.2,-0.0,0.15046140430834765,1.5508491181736377,0.9533667401902076,0.20740003241597282,source_shunt,2,7,0.7,420.0,0.7469384685436413,1.2671517311447662,False
direct-42r-24c-z4,42/24 ft direct wire with 4:1 transformer,30m,10120000,representative nominal,682.49,1247.6,59.31876179277198,170.6225,311.9,15.042154427739922,0.9431999999999999,0.2539620791296731,0.35,0.2,-0.0,0.2556861426867784,1.065556763643345,0.9989926955736983,0.004376872331105503,load_shunt,8,2,2.8,120.0,0.7827038870041185,1.0640250941475569,False
direct-42r-24c-z4,42/24 ft direct wire with 4:1 transformer,20m,14050000,representative nominal,204.72,-205.27,8.335090885675775,51.18,-51.3175,2.6526733106436957,0.9393,0.27195677663422296,0.35,0.2,-0.0,0.08714009953959927,1.124459613616863,0.9965678999640237,0.014931058193997294,source_shunt,2,1,0.7,60.0,0.8083458379911517,0.9240279343678195,False
direct-42r-24c-z4,42/24 ft direct wire with 4:1 transformer,17m,18080000,representative nominal,1045.6,1419.1,59.46336980250203,261.4,354.775,14.982625620727491,0.9489,0.22779553364614732,0.35,0.2,-0.0,0.26385241766023915,1.273976506460274,0.9854837412704129,0.06350536412229207,load_shunt,5,1,1.75,60.0,0.7753265721566625,1.1051533154286788,False
direct-42r-24c-z4,42/24 ft direct wire with 4:1 transformer,15m,21050000,representative nominal,1117.3,-889.12,36.514162894738426,279.325,-222.28,9.194441284347725,0.9533,0.2077040697784463,0.35,0.2,-0.0,0.2877401368358073,2.138121385618359,0.8684661019269179,0.6124712832038683,load_shunt,2,1,0.7,60.0,0.682666279090242,1.6579154898181214,False
ocfd-68ft-f0.36-z4,68 ft OCFD at 36% with 4:1 transformer,40m,7050000,representative nominal,65.992,16.744,1.4924259349407631,16.498,4.186,3.0544850419641794,0.9093000000000001,0.4129280891271524,0.35,0.2,-0.0,0.09766844337790348,1.6866894057548572,0.9346740448037181,0.2933981717444105,source_shunt,1,7,0.35,420.0,0.7321507803120486,1.3539947042494662,False
ocfd-68ft-f0.36-z4,68 ft OCFD at 36% with 4:1 transformer,30m,10120000,representative nominal,1188.0,1364.9,55.14678256909472,297.0,341.225,13.876995573355536,0.9412999999999999,0.26271941311972624,0.35,0.2,-0.0,0.2742007910704463,1.2276464416044013,0.9895569055605908,0.04559226156580108,load_shunt,7,2,2.4499999999999997,120.0,0.7704576175741242,1.1325124657559744,False
ocfd-68ft-f0.36-z4,68 ft OCFD at 36% with 4:1 transformer,20m,14050000,representative nominal,122.28,-50.774,2.9354945806213464,30.57,-12.6935,1.7954366327358071,0.9087000000000001,0.41579471947481794,0.35,0.2,-0.0,0.08459552962226025,1.2210750134390453,0.990092755813232,0.04324117068267462,source_shunt,1,3,0.35,180.0,0.7773862557847586,1.093631419779753,False
ocfd-68ft-f0.36-z4,68 ft OCFD at 36% with 4:1 transformer,17m,18080000,representative nominal,1088.0,1421.0,58.90738081620842,272.0,355.25,14.836020192139388,0.9489,0.22779553364614732,0.35,0.2,-0.0,0.2664845580113476,1.3184255497655517,0.9811361859737148,0.08270706471297173,load_shunt,5,1,1.75,60.0,0.7714384556979068,1.1269871563704665,False
ocfd-68ft-f0.36-z4,68 ft OCFD at 36% with 4:1 transformer,15m,21050000,representative nominal,847.56,-813.02,32.57724827697401,211.89,-203.255,8.252027066807335,0.9212,0.35646070707806476,0.35,0.2,-0.0,0.29036313141170317,2.1320017285280732,0.869367814158081,0.6079644235117183,load_shunt,2,1,0.7,60.0,0.6599654097468728,1.8047882620014866,False
vertical-32r-4x12-z1,32 ft vertical with four 12 ft radials,40m,7050000,representative nominal,39.659,-257.36,35.42753669198085,39.659,-257.36,35.42753669198085,0.9445999999999999,0.2475205875931892,0.0,0,-0.0,0.3639977805737351,1.7287798085546617,0.9286727175983228,0.3213731289984333,load_shunt,15,0,5.25,0.0,0.8066977586386501,0.9328914971653575,False
vertical-32r-4x12-z1,32 ft vertical with four 12 ft radials,30m,10120000,representative nominal,108.04,172.8,8.026557911257841,108.04,172.8,8.026557911257841,0.9567,0.19224226037378372,0.0,0,-0.0,0.18211787086275139,1.2699837680435422,0.9858541253553598,0.06187341894543316,load_shunt,5,3,1.75,180.0,0.9044335100942003,0.43623355018196835,False
vertical-32r-4x12-z1,32 ft vertical with four 12 ft radials,20m,14050000,representative nominal,1644.4,1374.6,55.88184384983031,1644.4,1374.6,55.88184384983031,0.9598,0.17819254403597418,0.0,0,-0.0,0.8108025163404696,3.153619491110714,0.7311657928013506,1.359841350328742,load_shunt,6,1,2.0999999999999996,60.0,0.5822591994483173,2.3488364107051862,True
vertical-32r-4x12-z1,32 ft vertical with four 12 ft radials,17m,18080000,representative nominal,125.72,-656.93,71.5518121027499,125.72,-656.93,71.5518121027499,0.937,0.2826040911222171,0.0,0,-0.0,0.2894642096292583,3.302220972742476,0.7136424845008247,1.465193034819075,source_shunt,15,0,5.25,0.0,0.6255670514974013,2.037261335570551,True
vertical-32r-4x12-z1,32 ft vertical with four 12 ft radials,15m,21050000,representative nominal,53.154,-174.69,13.411513058538896,53.154,-174.69,13.411513058538896,0.9216,0.3545753392086318,0.0,0,-0.0,0.22219278899375391,1.2551351663768386,0.9872004266913539,0.05594665598454668,load_shunt,4,0,1.4,0.0,0.8644273944204488,0.6327147841869323,False
doublet-58r-32l,58 ft doublet with 32 ft balanced line,40m,7050000,representative nominal,194.13525549440226,359.6614320147244,17.409231368512327,35.54725062800856,-187.40982033719663,21.832709341158502,0.7676999999999999,1.1480845939315212,0.0,0.2,0.23835001535036393,0.3555326558056532,1.1445038191561534,0.9954594861704883,0.0197641046393237,source_shunt,13,3,4.55,180.0,0.636541704938846,1.9617313697268621,False
doublet-58r-32l,58 ft doublet with 32 ft balanced line,30m,10120000,representative nominal,230.00670687704329,978.5743873570086,88.07398311993589,128.4847210863682,125.3416159976542,5.21250751024947,0.8721,0.594337135099098,0.0,0.2,0.39819778004644224,0.14379237250508103,1.2100526587298353,0.9909666024698877,0.03940981849181857,load_shunt,5,3,1.75,180.0,0.72849452031547,1.3757371061424397,False
doublet-58r-32l,58 ft doublet with 32 ft balanced line,20m,14050000,representative nominal,19.514303929609923,49.37913831865035,5.2614335973821,24.1635699996322,9.495777489184132,2.165306524021885,0.9214,0.35551792083339145,0.0,0.2,0.8313118659488027,0.023967354693598446,1.790236806158772,0.9197892862876622,0.3631165339782316,load_shunt,0,3,0.0,180.0,0.6646739106373505,1.773913675454024,False
doublet-58r-32l,58 ft doublet with 32 ft balanced line,17m,18080000,representative nominal,2.2237933904218607,-221.3125139280728,463.0280327661685,101.00740555740332,-513.641496021246,54.7361479758312,0.9286,0.3217132066984475,0.0,0.2,5.963282754960405,0.3122221616499575,2.1731805220872618,0.863308934677612,0.638337644043697,load_shunt,13,0,4.55,0.0,0.18048637536452547,7.435555767352506,False
doublet-58r-32l,58 ft doublet with 32 ft balanced line,15m,21050000,representative nominal,92.44755178880317,-475.26583170673655,51.23639065539683,17.080620817653397,-134.49025040275,24.407056547661924,0.9114,0.40290975753570035,0.0,0.2,0.7091722406888454,0.5106187779678875,2.4878917150607687,0.8180229316442268,0.8723452157689732,source_shunt,3,1,1.0499999999999998,60.0,0.5376447394125553,2.695045991961407,False
direct-41r-17c-z1,Legacy 41/17 ft direct wire,40m,7050000,representative nominal,62.331,-257.94,23.354270097638047,62.331,-257.94,23.354270097638047,0.9270999999999999,0.3287341892358727,0.0,0,-0.0,0.23510144494817475,1.6745306778295737,0.9363925119488393,0.28542067884748984,load_shunt,15,0,5.25,0.0,0.8223834630423555,0.8492563130315376,False
direct-41r-17c-z1,Legacy 41/17 ft direct wire,30m,10120000,representative nominal,488.62,836.45,38.48648490165312,488.62,836.45,38.48648490165312,0.9459000000000001,0.2415477453243287,0.0,0,-0.0,0.3647644679205713,1.2884353565819309,0.9841138121852421,0.06954672761997957,load_shunt,15,1,5.25,60.0,0.855882419887007,0.6758589408648792,False
direct-41r-17c-z1,Legacy 41/17 ft direct wire,20m,14050000,representative nominal,173.73,-612.61,46.9450399444415,173.73,-612.61,46.9450399444415,0.9406,0.2659502558993932,0.0,0,-0.0,1.0148372856732533,4.4198316926328935,0.6018581178988858,2.2050587730698203,load_shunt,5,1,1.75,60.0,0.4481417115972363,3.4858463146424667,True
direct-41r-17c-z1,Legacy 41/17 ft direct wire,17m,18080000,representative nominal,110.08,244.14,13.410523629347757,110.08,244.14,13.410523629347757,0.9285,0.3221809192420078,0.0,0,-0.0,0.1511364210616128,2.273735550541025,0.8486190063645953,0.7128724564643757,load_shunt,6,1,2.0999999999999996,60.0,0.760993627999019,1.1861897967679964,False
direct-41r-17c-z1,Legacy 41/17 ft direct wire,15m,21050000,representative nominal,341.01,1042.9,70.74204313814714,341.01,1042.9,70.74204313814714,0.9358,0.28816959143838583,0.0,0,-0.0,1.4483000872606422,6.345158489001886,0.47043553937352506,3.274998766198631,load_shunt,3,1,1.0499999999999998,60.0,0.31539380274422596,5.011468444897659,True
